iceberg_id,day,lat,lon,wind_u,wind_v,current_u,current_v
A76C,0,-57.18490082036625,-32.028719821331535,-5.686557769775391,9.416141510009766,0.15,0.01
A76C,1,-57.019849867472814,-31.965961783499825,-5.686557769775391,9.416141510009766,0.15,0.01
A76C,2,-56.874520970812306,-31.92618020172264,-5.686557769775391,9.416141510009766,0.15,0.01
A76C,3,-56.702319664814326,-31.878469158243277,-5.686557769775391,9.416141510009766,0.15,0.01
A76C,4,-56.545303446658025,-31.83311881311568,-5.653598785400391,9.364627838134766,0.15,0.01
A76C,5,-56.39776445345246,-31.790154346804023,-5.653598785400391,9.364627838134766,0.15,0.01
A76C,6,-56.24091052045261,-31.729467174937657,-5.653598785400391,9.364627838134766,0.15,0.01
A76C,7,-56.08505834579149,-31.66918677198695,-5.653598785400391,9.364627838134766,0.15,0.01
A76C,8,-55.92637903053662,-31.615566237009375,-5.621860504150391,9.313358306884766,0.15,0.01
A76C,9,-55.776327194131085,-31.56491910957782,-5.621860504150391,9.313358306884766,0.15,0.01
A76C,10,-55.63176809599123,-31.501633856197564,-5.621860504150391,9.313358306884766,0.15,0.01
A76C,11,-55.48889079307136,-31.44108441546604,-5.621860504150391,9.313358306884766,0.15,0.01
A76C,12,-55.32976653976886,-31.402318457347715,-5.621860504150391,9.313358306884766,0.15,0.01
A76C,13,-55.18214188107804,-31.386841446426565,-5.621860504150391,9.313358306884766,0.15,0.01
A76C,14,-55.042620044570754,-31.32646100078851,-5.553501129150391,9.240360260009766,0.15,0.01
A76C,15,-54.900004452923405,-31.26342436809202,-5.553501129150391,9.240360260009766,0.15,0.01
A76C,16,-54.74689305337448,-31.20604547562923,-5.553501129150391,9.240360260009766,0.15,0.01
A76C,17,-54.59755032511838,-31.142265880486047,-5.553501129150391,9.240360260009766,0.15,0.01
A76C,18,-54.4437656708558,-31.092459067046512,-5.480014801025391,9.164920806884766,0.15,0.01
A76C,19,-54.30487800751972,-31.031734501976295,-5.480014801025391,9.164920806884766,0.15,0.01
A76C,20,-54.15566601004744,-30.977643139147837,-5.480014801025391,9.164920806884766,0.15,0.01
A76C,21,-53.99559184308495,-30.921091591397012,-5.480014801025391,9.164920806884766,0.15,0.01
A76C,22,-53.85462883240098,-30.874280321609998,-5.358921051025391,9.078983306884766,0.15,0.01
A76C,23,-53.705094172211155,-30.809682898657865,-5.358921051025391,9.078983306884766,0.15,0.01
A76C,24,-53.54753726462871,-30.75076694935712,-5.358921051025391,9.078983306884766,0.15,0.01
A76C,25,-53.39796163729581,-30.69779825689666,-5.358921051025391,9.078983306884766,0.15,0.01
A76C,26,-53.2513054339332,-30.638017493626236,-5.358921051025391,9.078983306884766,0.15,0.01
A76C,27,-53.115334404401246,-30.58071192248351,-5.221958160400391,8.990116119384766,0.15,0.01
A76C,28,-52.96270360876689,-30.523404222427423,-5.221958160400391,8.990116119384766,0.15,0.01
A76C,29,-52.8167,-30.4667,-5.221958160400391,8.990116119384766,0.15,0.01
A81,0,-62.217288427860986,-59.8373046812365,3.9870262145996094,5.908084869384766,0.13078350029187147,0.01
A81,1,-62.13214198120291,-59.46763213280389,3.5368309020996094,5.608524322509766,0.13152143616290807,0.01
A81,2,-62.02098944190022,-59.1565901698355,3.1567039489746094,6.661991119384766,0.1324847581701981,0.01
A81,3,-61.910937624367726,-58.8415449763267,2.5551414489746094,6.915164947509766,0.13343854058881305,0.01
A81,4,-61.77388961358542,-58.57439811356618,2.9267234802246094,7.874393463134766,0.13462629001559304,0.01
A81,5,-61.624641613750974,-58.22891148618606,3.2275047302246094,8.647342681884766,0.1359197726808249,0.01
A81,6,-61.46507907555265,-57.912721051607335,2.9674949645996094,8.815311431884766,0.13730264801187703,0.01
A81,7,-61.313354830895065,-57.59693444487387,3.2131004333496094,10.102176666259766,0.1386175914655761,0.01
A81,8,-61.14296203133744,-57.23451527302486,3.0810203552246094,10.391483306884766,0.14009432906174218,0.01
A81,9,-60.97531235995219,-56.84410521829398,3.6215476989746094,10.576541900634766,0.14154729288041434,0.01
A81,10,-60.79813509226007,-56.45832277734217,3.9914207458496094,10.937870025634766,0.14308282920041274,0.01
A81,11,-60.61693752675512,-56.060571620058404,4.598598480224609,10.860477447509766,0.1446532081014556,0.01
A81,12,-60.45892927544965,-55.679738343150824,4.573696136474609,10.497196197509766,0.14602261294610303,0.01
A81,13,-60.29583279847646,-55.28714826225042,4.331752777099609,9.324344635009766,0.14743611574653734,0.01
A81,14,-60.16127426630063,-54.92889079700617,3.8681297302246094,8.049442291259766,0.1486022896920612,0.01
A81,15,-60.0591219916062,-54.5717551901946,3.2570457458496094,6.092411041259766,0.1494876094060796,0.01
A81,16,-59.96644450320846,-54.26768402848385,2.6347312927246094,5.228397369384766,0.15,0.01
A81,17,-59.898766446772335,-54.004639024659824,1.9831199645996094,4.438602447509766,0.15,0.01
A81,18,-59.83437778858381,-53.739637817474716,1.4372215270996094,3.7935829162597656,0.15,0.01
A81,19,-59.76974761853585,-53.47819940713635,1.0124168395996094,3.3140907287597656,0.15,0.01
A81,20,-59.71886592471921,-53.21507766041199,0.6254539489746094,3.0289344787597656,0.15,0.01
A81,21,-59.66802992564367,-52.98236509022027,0.3129539489746094,3.1331825256347656,0.15,0.01
A81,22,-59.61336289884234,-52.74324983227865,0.030727386474609375,3.2784461975097656,0.15,0.01
A81,23,-59.53471812007067,-52.510068322680624,-0.12845230102539062,3.5880165100097656,0.15,0.01
A81,24,-59.46159804011073,-52.29351170410261,-0.2778663635253906,3.9044227600097656,0.15,0.01
A81,25,-59.38495461877437,-52.073058914666376,-0.2820167541503906,4.327518463134766,0.15,0.01
A81,26,-59.31345799189822,-51.84073248886428,-0.2868995666503906,4.749881744384766,0.15,0.01
A81,27,-59.235649245604414,-51.64109785403642,-0.2868995666503906,4.749881744384766,0.15,0.01
A81,28,-59.14903368005511,-51.40473642190943,-0.3408546447753906,5.122684478759766,0.15,0.01
A81,29,-59.05,-51.1833,-0.3984718322753906,5.491580963134766,0.15,0.01
A83,0,-63.319538592279514,-56.612379812603116,1.8334617614746094,5.968875885009766,0.12123066553357754,0.01
A83,1,-63.21896722330208,-56.36927840956373,1.8273582458496094,5.827030181884766,0.12210228406471531,0.01
A83,2,-63.1310515048997,-56.07786873401646,1.7514305114746094,5.416629791259766,0.12286422029086926,0.01
A83,3,-63.017278677255504,-55.79969517609167,1.8747215270996094,6.551151275634766,0.12385025146378563,0.01
A83,4,-62.89061798424929,-55.53425652440907,1.4850730895996094,6.867801666259766,0.1249479774698395,0.01
A83,5,-62.774578732628015,-55.282079610003976,1.0058250427246094,7.131717681884766,0.12595365098389052,0.01
A83,6,-62.64208840361076,-55.02880890254306,0.9933738708496094,6.911746978759766,0.12710190050204012,0.01
A83,7,-62.52369673401225,-54.74179613804531,1.4416160583496094,6.800418853759766,0.12812796163856052,0.01
A83,8,-62.413132990372745,-54.47773743533055,1.3778953552246094,6.260623931884766,0.1290861807501029,0.01
A83,9,-62.316662573708214,-54.23324913096341,1.1547508239746094,5.174930572509766,0.1299222576945288,0.01
A83,10,-62.23982846125763,-53.980632354619985,0.8244285583496094,4.234745025634766,0.1305881533357672,0.01
A83,11,-62.170479827189865,-53.76747778318,0.3029441833496094,3.7823524475097656,0.13118917483102116,0.01
A83,12,-62.10420032043707,-53.5426472488774,-0.3591651916503906,3.7865028381347656,0.1317635972228787,0.01
A83,13,-62.039219379486305,-53.34547665414903,-0.7527198791503906,3.3961219787597656,0.13232676537778534,0.01
A83,14,-61.98090787868887,-53.169190121269025,-0.7527198791503906,3.3961219787597656,0.13283213171802982,0.01
A83,15,-61.925081904340004,-52.99272265680598,-1.1152687072753906,2.9913368225097656,0.1333159568290533,0.01
A83,16,-61.85875657009186,-52.823035133474285,-1.4778175354003906,3.1307411193847656,0.1338907763925372,0.01
A83,17,-61.80143012185508,-52.66391939013849,-1.4778175354003906,3.1307411193847656,0.13438760561058932,0.01
A83,18,-61.75062088786329,-52.494062819464304,-1.5784034729003906,2.9349403381347656,0.1348279523051848,0.01
A83,19,-61.6958518935209,-52.31120322640448,-1.6470069885253906,2.8111610412597656,0.13530261692281884,0.01
A83,20,-61.6416464670711,-52.133272605520276,-1.6470069885253906,2.8111610412597656,0.13577239728538382,0.01
A83,21,-61.596364297219715,-51.95069650923917,-1.7471046447753906,2.9310340881347656,0.13616484275742913,0.01
A83,22,-61.54056287827797,-51.785426922533794,-1.7209815979003906,2.9947547912597656,0.1366484550549243,0.01
A83,23,-61.49064668916454,-51.60349212484127,-1.6907081604003906,3.1268348693847656,0.13708106202724063,0.01
A83,24,-61.432968166334945,-51.41160757878092,-1.6907081604003906,3.1268348693847656,0.13758094255843048,0.01
A83,25,-61.37182505350668,-51.23083642102743,-1.6177101135253906,3.4378700256347656,0.13811084953627542,0.01
A83,26,-61.31310622731886,-51.055192690750246,-1.5742530822753906,3.6942176818847656,0.1386197460299032,0.01
A83,27,-61.25457389767507,-50.880395731429644,-1.5742530822753906,3.6942176818847656,0.13912702622014936,0.01
A83,28,-61.18791989848631,-50.70935636712649,-1.5181007385253906,3.9220008850097656,0.13970469421311868,0.01
A83,29,-61.1,-50.5333,-1.3786964416503906,4.643924713134766,0.14046666666666666,0.01
A84,0,-72.2819587437547,-112.20682452008046,4.058071136474609,0.9454383850097656,0.043556357554125937,0.01
A84,1,-72.25798234773941,-111.87947136478618,4.058071136474609,0.9454383850097656,0.04376415298625841,0.01
A84,2,-72.2249401230894,-111.5382947744933,4.058071136474609,0.9454383850097656,0.04405051893322523,0.01
A84,3,-72.20267790260418,-111.25182912731,4.058071136474609,0.9454383850097656,0.044243458177430445,0.01
A84,4,-72.17791122212795,-110.9130012157295,4.058071136474609,0.9454383850097656,0.0444581027415578,0.01
A84,5,-72.15765300381821,-110.62054241413747,4.058071136474609,0.9454383850097656,0.044633673966908836,0.01
A84,6,-72.13650488082818,-110.28069156168881,4.058071136474609,0.9454383850097656,0.04481695769948907,0.01
A84,7,-72.11163940579881,-109.94261639812517,4.280483245849609,0.8704872131347656,0.045032458483076965,0.01
A84,8,-72.09319993922787,-109.63765720106186,4.280483245849609,0.8704872131347656,0.045192267193358435,0.01
A84,9,-72.07644158075742,-109.25401453401457,4.280483245849609,0.8704872131347656,0.04533750630010238,0.01
A84,10,-72.0536467749908,-108.94066747331897,4.280483245849609,0.8704872131347656,0.0455350612834131,0.01
A84,11,-72.02329363196816,-108.61302300877274,4.280483245849609,0.8704872131347656,0.045798121856275964,0.01
A84,12,-71.99156743336019,-108.31797338620767,4.280483245849609,0.8704872131347656,0.0460730822442117,0.01
A84,13,-71.969235166976,-107.99206531358641,4.280483245849609,0.8704872131347656,0.04626662855287462,0.01
A84,14,-71.94763429453593,-107.67296525219912,4.280483245849609,0.8704872131347656,0.046453836114021936,0.01
A84,15,-71.92893269631965,-107.3362028416468,4.280483245849609,0.8704872131347656,0.046615916631896376,0.01
A84,16,-71.90997865434132,-106.96742175314763,4.280483245849609,0.8704872131347656,0.0467801849957086,0.01
A84,17,-71.88874987195842,-106.60428381750329,4.280483245849609,0.8704872131347656,0.046964167776360324,0.01
A84,18,-71.86950435629105,-106.25761702234514,4.702846527099609,0.7757606506347656,0.04713096224547761,0.01
A84,19,-71.84582428043097,-105.93872953735635,4.702846527099609,0.7757606506347656,0.04733618956959822,0.01
A84,20,-71.81336199843429,-105.58637445379382,4.702846527099609,0.7757606506347656,0.04761752934690283,0.01
A84,21,-71.79142802255525,-105.24676406796605,4.702846527099609,0.7757606506347656,0.04780762380452115,0.01
A84,22,-71.7659381107683,-104.88715622405621,4.702846527099609,0.7757606506347656,0.04802853637334137,0.01
A84,23,-71.74937330936687,-104.52592980731526,4.702846527099609,0.7757606506347656,0.04817209798548709,0.01
A84,24,-71.72663350340099,-104.18672556018474,4.702846527099609,0.7757606506347656,0.04836917630385809,0.01
A84,25,-71.70708428272646,-103.82600711514272,4.702846527099609,0.7757606506347656,0.048538602883037386,0.01
A84,26,-71.69562348639555,-103.47688145238502,4.702846527099609,0.7757606506347656,0.048637929784571925,0.01
A84,27,-71.67290100513202,-103.14200372449122,4.702846527099609,0.7757606506347656,0.048834857955522504,0.01
A84,28,-71.64967055551602,-102.7736295918213,4.702846527099609,0.7757606506347656,0.04903618851886112,0.01
A84,29,-71.6333,-102.4167,4.702846527099609,0.7757606506347656,0.04917806666666662,0.01
A85,0,-65.31563449002456,-60.57821482590837,1.1354637145996094,3.1524696350097656,0.10393116775312045,0.01
A85,1,-65.25931221178287,-60.33486053738198,1.6139793395996094,2.9857215881347656,0.10441929416454847,0.01
A85,2,-65.21523921064006,-60.04366875375334,2.5199851989746094,2.4898719787597656,0.10480126017445278,0.01
A85,3,-65.1687865737204,-59.80187094564182,2.1435203552246094,2.4303016662597656,0.10520384969442323,0.01
A85,4,-65.12934958567732,-59.54178410981164,1.9714012145996094,2.2674598693847656,0.10554563692412992,0.01
A85,5,-65.08313395367927,-59.27990220213492,1.8639793395996094,2.7369422912597656,0.10594617240144637,0.01
A85,6,-65.02899511024403,-59.01457249412102,1.9701805114746094,2.4569129943847656,0.10641537571121845,0.01
A85,7,-64.98150146935171,-58.71599643271495,2.3861961364746094,2.2354774475097656,0.1068269872656185,0.01
A85,8,-64.94065383455298,-58.448290179645234,1.8205223083496094,1.9908485412597656,0.10718100010054088,0.01
A85,9,-64.91154379616765,-58.23166398079988,0.9640769958496094,2.0667762756347656,0.10743328709988038,0.01
A85,10,-64.86948376159422,-57.94926167497812,2.1952781677246094,2.5238075256347656,0.10779780739951672,0.01
A85,11,-64.82131984367486,-57.68482602793621,1.8649559020996094,2.6436805725097656,0.10821522802148457,0.01
A85,12,-64.78196888023214,-57.46293220585131,1.5295066833496094,2.7677040100097656,0.10855626970465476,0.01
A85,13,-64.73925573894596,-57.21970625128683,0.9591941833496094,2.7354774475097656,0.10892645026246839,0.01
A85,14,-64.68723379476293,-57.01206755276912,0.3837547302246094,2.7083778381347656,0.1093773071120546,0.01
A85,15,-64.63928431871766,-56.80427611344532,-0.23318862915039062,3.0321083068847656,0.10979286923778031,0.01
A85,16,-64.56492265573827,-56.55526718418417,1.4562644958496094,3.3665809631347656,0.11043733698360164,0.01
A85,17,-64.50041415126043,-56.34709421592224,0.010219573974609375,3.5499305725097656,0.1109964106890763,0.01
A85,18,-64.44324685551966,-56.117569514113384,-0.2717628479003906,3.1932411193847656,0.11149186058549627,0.01
A85,19,-64.38346471875407,-55.91467645556251,-0.2717628479003906,3.1932411193847656,0.11200997243746474,0.01
A85,20,-64.31702118445344,-55.73643469580707,-0.4360694885253906,3.2894325256347656,0.11258581640140354,0.01
A85,21,-64.26487954715063,-55.5646690855479,-0.7256202697753906,3.0858192443847656,0.11303771059136122,0.01
A85,22,-64.20446587079547,-55.387230708807095,-0.7256202697753906,3.0858192443847656,0.11356129578643923,0.01
A85,23,-64.14351691282056,-55.21211129689887,-0.9175148010253906,2.9762001037597656,0.1140895200888885,0.01
A85,24,-64.08575144573088,-55.07523479587083,-1.1899757385253906,3.3201942443847656,0.11459015413699906,0.01
A85,25,-64.0234781158147,-54.92560355631197,-1.1899757385253906,3.3201942443847656,0.11512985632960596,0.01
A85,26,-63.97480748961324,-54.78569181073817,-1.4895362854003906,2.8604774475097656,0.11555166842335192,0.01
A85,27,-63.92479131325922,-54.62756452391326,-1.4895362854003906,2.8604774475097656,0.11598514195175344,0.01
A85,28,-63.86706622320619,-54.4727697438419,-1.4455909729003906,3.0731239318847656,0.11648542606554638,0.01
A85,29,-63.8167,-54.3333,-1.5227394104003906,2.9886512756347656,0.11692193333333337,0.01
B09B,0,-68.19336074056143,141.45285958013312,-0.9558448791503906,3.2725868225097656,0.07899087358180093,0.01
B09B,1,-68.1355501354879,141.58823407262298,-0.9558448791503906,3.2725868225097656,0.07949189882577151,0.01
B09B,2,-68.06677817778267,141.6812041651358,-1.4941749572753906,3.4205360412597656,0.08008792245921689,0.01
B09B,3,-68.00548450710173,141.7941174771935,-1.4941749572753906,3.4205360412597656,0.08061913427178503,0.01
B09B,4,-67.94772457910264,141.90245032675864,-1.4941749572753906,3.4205360412597656,0.08111972031444378,0.01
B09B,5,-67.88592067488663,141.99932302337206,-1.4941749572753906,3.4205360412597656,0.0816553541509825,0.01
B09B,6,-67.81391669020645,142.0907194238549,-1.9824562072753906,3.6136512756347656,0.0822793886848774,0.01
B09B,7,-67.75645400416437,142.19544358487644,-1.9824562072753906,3.6136512756347656,0.08277739863057548,0.01
B09B,8,-67.6946879953877,142.28605011567822,-1.9824562072753906,3.6136512756347656,0.0833127040399733,0.01
B09B,9,-67.6341164947547,142.3796448639053,-1.9824562072753906,3.6136512756347656,0.08383765704545922,0.01
B09B,10,-67.5750678122644,142.45855325698162,-2.4646339416503906,3.8512001037597656,0.0843494122937086,0.01
B09B,11,-67.49849734646452,142.5176019704766,-2.4646339416503906,3.8512001037597656,0.08501302299730752,0.01
B09B,12,-67.42981653007297,142.6099214388204,-2.4646339416503906,3.8512001037597656,0.0856082567393676,0.01
B09B,13,-67.36643160437463,142.6753683868922,-2.9079933166503906,4.137821197509766,0.0861575927620866,0.01
B09B,14,-67.30367211167805,142.75377089349183,-2.9079933166503906,4.137821197509766,0.08670150836545688,0.01
B09B,15,-67.22313194393975,142.82748653962176,-2.9079933166503906,4.137821197509766,0.08739952315252218,0.01
B09B,16,-67.14766960915189,142.87383311629247,-2.9079933166503906,4.137821197509766,0.08805353005401696,0.01
B09B,17,-67.07959529651463,142.92212703825828,-3.3335304260253906,4.475467681884766,0.08864350743020658,0.01
B09B,18,-67.00027001309967,142.96715551374962,-3.3335304260253906,4.475467681884766,0.08933099321980291,0.01
B09B,19,-66.92486665121633,143.01965887630135,-3.3335304260253906,4.475467681884766,0.08998448902279178,0.01
B09B,20,-66.85130217827482,143.0556043311083,-3.7849464416503906,4.789676666259766,0.09062204778828489,0.01
B09B,21,-66.76021116873585,143.07778689960173,-3.7849464416503906,4.789676666259766,0.0914115032042893,0.01
B09B,22,-66.67621970350493,143.1135544651885,-3.7849464416503906,4.789676666259766,0.09213942923629065,0.01
B09B,23,-66.59542929035345,143.1384974935351,-4.197544097900391,5.034305572509766,0.09283961281693677,0.01
B09B,24,-66.5127235253629,143.16885697518444,-4.197544097900391,5.034305572509766,0.09355639611352153,0.01
B09B,25,-66.42257784703597,143.20972590917526,-4.197544097900391,5.034305572509766,0.09433765865902162,0.01
B09B,26,-66.3322368943056,143.21313095694535,-4.631626129150391,5.302127838134766,0.09512061358268484,0.01
B09B,27,-66.24786929529239,143.2185541545171,-4.631626129150391,5.302127838134766,0.0958517994407993,0.01
B09B,28,-66.16046893511675,143.22053141745178,-4.631626129150391,5.302127838134766,0.09660926922898815,0.01
B09B,29,-66.0667,143.2333,-5.055210113525391,5.529178619384766,0.09742193333333335,0.01
B09G,0,-69.64967453467584,36.17615137072196,2.3742332458496094,1.7889442443847656,0.06636948736614273,0.01
B09G,1,-69.61186142472418,36.4123756609839,1.9157371520996094,2.1073036193847656,0.06669720098572375,0.01
B09G,2,-69.56974268124961,36.61895432144648,1.9157371520996094,2.1073036193847656,0.06706223009583674,0.01
B09G,3,-69.52814221892307,36.84512290134972,1.9157371520996094,2.1073036193847656,0.0674227674360001,0.01
B09G,4,-69.4919066015922,37.07181704335289,1.9157371520996094,2.1073036193847656,0.06773680945286756,0.01
B09G,5,-69.44885074360727,37.29150798850017,1.9157371520996094,2.1073036193847656,0.06810996022207036,0.01
B09G,6,-69.40836837377448,37.537922384166116,1.9157371520996094,2.1073036193847656,0.06846080742728786,0.01
B09G,7,-69.3574754368285,37.744869728549915,1.3695945739746094,2.4324989318847656,0.06890187954748639,0.01
B09G,8,-69.31551593849584,37.971660859928974,1.3695945739746094,2.4324989318847656,0.0692655285330361,0.01
B09G,9,-69.27246781448866,38.20220773911965,1.3695945739746094,2.4324989318847656,0.06963861227443158,0.01
B09G,10,-69.22358246531154,38.42465649371121,1.3695945739746094,2.4324989318847656,0.07006228530063335,0.01
B09G,11,-69.17589757662161,38.62967357214842,1.3695945739746094,2.4324989318847656,0.07047555433594607,0.01
B09G,12,-69.12609044395614,38.83909380613762,1.3695945739746094,2.4324989318847656,0.07090721615238008,0.01
B09G,13,-69.07923058075137,39.024726465666085,0.7506980895996094,2.7589149475097656,0.07131333496682145,0.01
B09G,14,-69.0206180502584,39.20344906146374,0.7506980895996094,2.7589149475097656,0.07182131023109381,0.01
B09G,15,-68.97348193753976,39.38641985425378,0.7506980895996094,2.7589149475097656,0.07222982320798875,0.01
B09G,16,-68.92160556147195,39.57254037565608,0.7506980895996094,2.7589149475097656,0.0726794184672431,0.01
B09G,17,-68.87770344274468,39.76129418863915,0.7506980895996094,2.7589149475097656,0.07305990349621282,0.01
B09G,18,-68.82492577913052,39.90643986101796,0.14962387084960938,3.0103797912597656,0.07351730991420213,0.01
B09G,19,-68.77032599908351,40.099717825503284,0.14962387084960938,3.0103797912597656,0.0739905080079429,0.01
B09G,20,-68.70878281934867,40.264831867052955,0.14962387084960938,3.0103797912597656,0.07452388223231153,0.01
B09G,21,-68.65040306288151,40.41902292891551,0.14962387084960938,3.0103797912597656,0.07502984012169359,0.01
B09G,22,-68.59706003382809,40.55023183524683,-0.4180030822753906,3.1507606506347656,0.07549214637348992,0.01
B09G,23,-68.54425168147375,40.69221623707799,-0.4180030822753906,3.1507606506347656,0.07594981876056081,0.01
B09G,24,-68.48456154080746,40.846508051356885,-0.4180030822753906,3.1507606506347656,0.07646713331300199,0.01
B09G,25,-68.42871435297612,41.000638110117755,-0.4180030822753906,3.1507606506347656,0.076951142274207,0.01
B09G,26,-68.37067410446521,41.13098677282673,-0.9558448791503906,3.2725868225097656,0.07745415776130152,0.01
B09G,27,-68.31294142678959,41.26014807549371,-0.9558448791503906,3.2725868225097656,0.0779545076344902,0.01
B09G,28,-68.2550381667103,41.39938688040494,-0.9558448791503906,3.2725868225097656,0.07845633588851067,0.01
B09G,29,-68.2,41.5167,-0.9558448791503906,3.2725868225097656,0.07893333333333331,0.01
B22A,0,-70.18752840606476,164.11759523112426,3.1132469177246094,1.2117958068847656,0.06170808714743878,0.01
B22A,1,-70.15660749305651,164.39990873970407,3.1132469177246094,1.2117958068847656,0.061976068393510234,0.01
B22A,2,-70.12420618583275,164.67916504323833,2.7782859802246094,1.4681434631347656,0.06225687972278285,0.01
B22A,3,-70.09642138931268,164.94038013716366,2.7782859802246094,1.4681434631347656,0.06249768129262344,0.01
B22A,4,-70.07171317372043,165.21142077731326,2.7782859802246094,1.4681434631347656,0.06271181916108964,0.01
B22A,5,-70.03425305086246,165.48135664360103,2.7782859802246094,1.4681434631347656,0.06303647355919201,0.01
B22A,6,-70.00310547034121,165.74028320140567,2.7782859802246094,1.4681434631347656,0.06330641925704283,0.01
B22A,7,-69.97738840435848,166.02898342536582,2.7782859802246094,1.4681434631347656,0.06352930049555985,0.01
B22A,8,-69.95221007011985,166.30780956727736,2.7782859802246094,1.4681434631347656,0.063747512725628,0.01
B22A,9,-69.92734108180176,166.57487618640656,2.7782859802246094,1.4681434631347656,0.06396304395771811,0.01
B22A,10,-69.90103798162208,166.86057344715348,2.7782859802246094,1.4681434631347656,0.06419100415927528,0.01
B22A,11,-69.87199153344632,167.0854609299251,2.3742332458496094,1.7889442443847656,0.06444274004346523,0.01
B22A,12,-69.84859436681772,167.31801604610882,2.3742332458496094,1.7889442443847656,0.06464551548757975,0.01
B22A,13,-69.81077461379486,167.54728553196384,2.3742332458496094,1.7889442443847656,0.06497328668044453,0.01
B22A,14,-69.76606531117778,167.8006588929932,2.3742332458496094,1.7889442443847656,0.06536076730312589,0.01
B22A,15,-69.73070565322543,168.04980058812143,2.3742332458496094,1.7889442443847656,0.0656672176720463,0.01
B22A,16,-69.68448646257767,168.3191170647327,2.3742332458496094,1.7889442443847656,0.06606778399099356,0.01
B22A,17,-69.64584416918755,168.58454679695373,2.3742332458496094,1.7889442443847656,0.06640268386704119,0.01
B22A,18,-69.61317192674694,168.8186245343687,1.9157371520996094,2.1073036193847656,0.06668584330152649,0.01
B22A,19,-69.57309888107407,169.0521323917918,1.9157371520996094,2.1073036193847656,0.06703314303069136,0.01
B22A,20,-69.53250535020895,169.27696646905704,1.9157371520996094,2.1073036193847656,0.06738495363152243,0.01
B22A,21,-69.48537615450897,169.51888096340943,1.9157371520996094,2.1073036193847656,0.06779340666092226,0.01
B22A,22,-69.44158197319204,169.7383746388507,1.9157371520996094,2.1073036193847656,0.06817295623233563,0.01
B22A,23,-69.40256237947001,169.9770445062808,1.9157371520996094,2.1073036193847656,0.06851112604459322,0.01
B22A,24,-69.35194450134922,170.18956382300516,1.3695945739746094,2.4324989318847656,0.06894981432164006,0.01
B22A,25,-69.30547557020036,170.40293188735896,1.3695945739746094,2.4324989318847656,0.06935254505826358,0.01
B22A,26,-69.26278930636134,170.61158521600333,1.3695945739746094,2.4324989318847656,0.06972249267820171,0.01
B22A,27,-69.22407819088713,170.83361515646783,1.3695945739746094,2.4324989318847656,0.07005798901231157,0.01
B22A,28,-69.1815669634041,171.03956913516865,1.3695945739746094,2.4324989318847656,0.07042641965049785,0.01
B22A,29,-69.1333,171.2667,1.3695945739746094,2.4324989318847656,0.07084473333333328,0.01
B22F,0,-68.87541389106819,-190.41352360534592,7.753871917724609,2.6263465881347656,0.073079746277409,0.01
B22F,1,-68.8251306621101,-189.90253576186427,7.667446136474609,2.7396278381347656,0.07351553426171249,0.01
B22F,2,-68.77345489487455,-189.38393263835516,7.667446136474609,2.7396278381347656,0.07396339091108727,0.01
B22F,3,-68.71936778350006,-188.8969711950794,7.667446136474609,2.7396278381347656,0.0744321458763328,0.01
B22F,4,-68.68645459397334,-188.40936482648115,7.667446136474609,2.7396278381347656,0.07471739351889774,0.01
B22F,5,-68.64514030500236,-187.9207555359427,7.667446136474609,2.7396278381347656,0.07507545068997958,0.01
B22F,6,-68.58547709452205,-187.43398681354228,7.544399261474609,2.8336219787597656,0.07559253184747558,0.01
B22F,7,-68.53094520795602,-186.92943278556692,7.544399261474609,2.8336219787597656,0.0760651415310478,0.01
B22F,8,-68.47148882642291,-186.42997230728636,7.544399261474609,2.8336219787597656,0.07658043017100143,0.01
B22F,9,-68.4175007263794,-185.91359978093314,7.544399261474609,2.8336219787597656,0.07704832703804519,0.01
B22F,10,-68.35607300291255,-185.46076691994045,7.483119964599609,2.9840126037597656,0.07758070064142454,0.01
B22F,11,-68.30349261302402,-184.98693122215636,7.483119964599609,2.9840126037597656,0.07803639735379184,0.01
B22F,12,-68.24842652429574,-184.52182689342453,7.483119964599609,2.9840126037597656,0.07851363678943694,0.01
B22F,13,-68.19119315469958,-184.0564653174294,7.483119964599609,2.9840126037597656,0.07900965932593701,0.01
B22F,14,-68.12509482716206,-183.59829929448424,7.483119964599609,2.9840126037597656,0.07958251149792883,0.01
B22F,15,-68.06762115910117,-183.12645458991472,7.484096527099609,3.1451454162597656,0.08008061662112323,0.01
B22F,16,-68.00455234422103,-182.64594450296775,7.484096527099609,3.1451454162597656,0.08062721301675112,0.01
B22F,17,-67.95161937535318,-182.201417245086,7.484096527099609,3.1451454162597656,0.08108596541360581,0.01
B22F,18,-67.88742915325851,-181.7606899530386,7.484096527099609,3.1451454162597656,0.08164228067175959,0.01
B22F,19,-67.84717419291601,-181.24595276533014,7.490444183349609,3.2955360412597656,0.08199115699472788,0.01
B22F,20,-67.77551441378056,-180.7940747184757,7.490444183349609,3.2955360412597656,0.08261220841390185,0.01
B22F,21,-67.71589101044985,-180.31929264036944,7.490444183349609,3.2955360412597656,0.08312894457610129,0.01
B22F,22,-67.66968083359136,-179.81610618108346,7.490444183349609,3.2955360412597656,0.08352943277554158,0.01
B22F,23,-67.61320492138118,-179.36502318917002,7.705776214599609,3.6280555725097656,0.08401889068136309,0.01
B22F,24,-67.53889788414843,-178.92874897275163,7.705776214599609,3.6280555725097656,0.08466288500404698,0.01
B22F,25,-67.47144178309878,-178.45893793886756,7.705776214599609,3.6280555725097656,0.08524750454647723,0.01
B22F,26,-67.40060612855308,-178.00105980753878,7.705776214599609,3.6280555725097656,0.08586141355253998,0.01
B22F,27,-67.33523845498853,-177.5102472601973,7.926723480224609,3.9395790100097656,0.08642793339009944,0.01
B22F,28,-67.25083069985999,-177.01237582567722,7.926723480224609,3.9395790100097656,0.0871594672678801,0.01
B22F,29,-67.1833,-176.5333,7.926723480224609,3.9395790100097656,0.08774473333333332,0.01
B22H,0,-70.80361253585056,155.67476548830217,3.5561180114746094,0.8587684631347656,0.0563686913559618,0.01
B22H,1,-70.77928686320463,155.95290948902402,3.5561180114746094,0.8587684631347656,0.05657951385222652,0.01
B22H,2,-70.75958027711938,156.2368949215281,3.5561180114746094,0.8587684631347656,0.05675030426496536,0.01
B22H,3,-70.729324195667,156.53470967979155,3.5561180114746094,0.8587684631347656,0.05701252363755263,0.01
B22H,4,-70.72135956810118,156.8320271066463,3.5561180114746094,0.8587684631347656,0.057081550409789794,0.01
B22H,5,-70.70551717325982,157.12912450547162,3.5561180114746094,0.8587684631347656,0.05721885116508155,0.01
B22H,6,-70.69162852509889,157.4115984606631,3.5561180114746094,0.8587684631347656,0.05733921944914294,0.01
B22H,7,-70.66253838779166,157.7442139290552,3.5561180114746094,0.8587684631347656,0.057591333972472306,0.01
B22H,8,-70.64914561945963,158.062764923722,3.5561180114746094,0.8587684631347656,0.057707404631349865,0.01
B22H,9,-70.62822874181214,158.35055640762522,3.5561180114746094,0.8587684631347656,0.05788868423762815,0.01
B22H,10,-70.60271401902776,158.63014613953052,3.3554344177246094,1.0089149475097656,0.05810981183509277,0.01
B22H,11,-70.58381673523729,158.92571573570908,3.3554344177246094,1.0089149475097656,0.05827358829461014,0.01
B22H,12,-70.55046245057164,159.24998878461213,3.3554344177246094,1.0089149475097656,0.05856265876171242,0.01
B22H,13,-70.53253498341654,159.55504694915265,3.3554344177246094,1.0089149475097656,0.05871803014372333,0.01
B22H,14,-70.50394071603675,159.86904346696727,3.3554344177246094,1.0089149475097656,0.05896584712768149,0.01
B22H,15,-70.48710659264026,160.15461300299668,3.3554344177246094,1.0089149475097656,0.059111742863784414,0.01
B22H,16,-70.46564091164888,160.44671869319166,3.3554344177246094,1.0089149475097656,0.05929777876570974,0.01
B22H,17,-70.44353728943292,160.75490415474766,3.3554344177246094,1.0089149475097656,0.05948934349158132,0.01
B22H,18,-70.41307258725915,161.03999828595542,3.3554344177246094,1.0089149475097656,0.05975337091042068,0.01
B22H,19,-70.38892375281884,161.3365262896016,3.3554344177246094,1.0089149475097656,0.05996266080890339,0.01
B22H,20,-70.37391418705803,161.63528060887592,3.1132469177246094,1.2117958068847656,0.06009274371216371,0.01
B22H,21,-70.34977793705015,161.918075294996,3.1132469177246094,1.2117958068847656,0.06030192454556538,0.01
B22H,22,-70.31732264928337,162.21108608262614,3.1132469177246094,1.2117958068847656,0.0605832037062108,0.01
B22H,23,-70.29878443465479,162.48645770759813,3.1132469177246094,1.2117958068847656,0.06074386823299181,0.01
B22H,24,-70.27357403097257,162.76032651444865,3.1132469177246094,1.2117958068847656,0.06096235839823774,0.01
B22H,25,-70.24172922976761,163.0592402680919,3.1132469177246094,1.2117958068847656,0.06123834667534735,0.01
B22H,26,-70.21479148146285,163.35135271274663,3.1132469177246094,1.2117958068847656,0.06147180716065527,0.01
B22H,27,-70.18925569889211,163.64455793970197,3.1132469177246094,1.2117958068847656,0.06169311727626836,0.01
B22H,28,-70.16951037429064,163.91426789921607,3.1132469177246094,1.2117958068847656,0.06186424342281446,0.01
B22H,29,-70.15,164.1833,3.1132469177246094,1.2117958068847656,0.06203333333333329,0.01
B29,0,-74.82638783875092,-122.66975072796129,8.88766098022461,0.5572547912597656,0.02150463873082538,0.01
B29,1,-74.80878955503978,-122.07696571224587,8.88766098022461,0.5572547912597656,0.02165715718965524,0.01
B29,2,-74.78712312527865,-121.47926180533864,8.88766098022461,0.5572547912597656,0.02184493291425166,0.01
B29,3,-74.7671998710216,-120.8919486782625,8.88766098022461,0.5572547912597656,0.022017601117812775,0.01
B29,4,-74.75218161255309,-120.2662229306538,8.88766098022461,0.5572547912597656,0.02214775935787324,0.01
B29,5,-74.73452737507009,-119.72387832422993,8.88766098022461,0.5572547912597656,0.02230076274939258,0.01
B29,6,-74.71310581391752,-119.12621043409574,8.88766098022461,0.5572547912597656,0.02248641627938147,0.01
B29,7,-74.69965504678252,-118.58585449626825,8.88766098022461,0.5572547912597656,0.022602989594551454,0.01
B29,8,-74.67954882830067,-117.99151897681229,8.88766098022461,0.5572547912597656,0.022777243488060882,0.01
B29,9,-74.6591657671441,-117.40283693546516,8.88766098022461,0.5572547912597656,0.02295389668475111,0.01
B29,10,-74.64871164573547,-116.8210162497805,8.88766098022461,0.5572547912597656,0.023044499070292556,0.01
B29,11,-74.63932335902052,-116.2331175396861,8.88766098022461,0.5572547912597656,0.023125864221822136,0.01
B29,12,-74.60708554627054,-115.79450826477853,6.754116058349609,1.6602821350097656,0.02340525859898866,0.01
B29,13,-74.57709636717132,-115.35490147667149,6.754116058349609,1.6602821350097656,0.023665164817848545,0.01
B29,14,-74.54866829150008,-114.89905609122047,6.754116058349609,1.6602821350097656,0.023911541473665986,0.01
B29,15,-74.51263218816369,-114.42185552469277,6.754116058349609,1.6602821350097656,0.024223854369247996,0.01
B29,16,-74.47844216461684,-114.00143251096361,6.754116058349609,1.6602821350097656,0.02452016790665408,0.01
B29,17,-74.4535291450359,-113.55121752374394,6.754116058349609,1.6602821350097656,0.02473608074302219,0.01
B29,18,-74.41921790217816,-113.12881363629369,6.754116058349609,1.6602821350097656,0.02503344484778927,0.01
B29,19,-74.35720046509891,-112.81287699462999,3.7785301208496094,3.2381629943847656,0.02557092930247609,0.01
B29,20,-74.29841452868521,-112.477429382263,3.7785301208496094,3.2381629943847656,0.02608040741806148,0.01
B29,21,-74.24415303498628,-112.18992721936188,3.7785301208496094,3.2381629943847656,0.02655067369678555,0.01
B29,22,-74.17756133001288,-111.91761674463163,3.7785301208496094,3.2381629943847656,0.027127801806555055,0.01
B29,23,-74.10303965092675,-111.74355425051513,1.5607566833496094,3.7979774475097656,0.027773656358634866,0.01
B29,24,-74.03861506241165,-111.56935355114237,1.5607566833496094,3.7979774475097656,0.028332002792432358,0.01
B29,25,-73.97115133123606,-111.40317539858634,1.5607566833496094,3.7979774475097656,0.028916688462620833,0.01
B29,26,-73.90307839812259,-111.25489352231472,1.5607566833496094,3.7979774475097656,0.02950665388293757,0.01
B29,27,-73.84481651414215,-111.12050868350836,0.7489891052246094,3.3997840881347656,0.030011590210768012,0.01
B29,28,-73.78595254612044,-110.99070502961735,0.7489891052246094,3.3997840881347656,0.03052174460028951,0.01
B29,29,-73.7167,-110.8667,0.7489891052246094,3.3997840881347656,0.03112193333333331,0.01
B51,0,-74.8701123592378,-146.74808142739002,8.88766098022461,0.5572547912597656,0.021125692886605787,0.01
B51,1,-74.86426923242101,-146.14695646739202,8.88766098022461,0.5572547912597656,0.021176333319017925,0.01
B51,2,-74.87832515512416,-145.55984260500497,9.26290512084961,-0.3240928649902344,0.02105451532225729,0.01
B51,3,-74.8700826757893,-144.9779748981336,8.88766098022461,0.5572547912597656,0.021125950143159353,0.01
B51,4,-74.84157795454313,-144.38152922407528,8.88766098022461,0.5572547912597656,0.021372991060626238,0.01
B51,5,-74.82875282589956,-143.8111415635224,8.88766098022461,0.5572547912597656,0.021484142175537176,0.01
B51,6,-74.81219811278166,-143.18796942357457,8.88766098022461,0.5572547912597656,0.021627616355892297,0.01
B51,7,-74.79305601371674,-142.5921260012223,8.88766098022461,0.5572547912597656,0.021793514547788287,0.01
B51,8,-74.78049651494794,-142.0110954970483,8.88766098022461,0.5572547912597656,0.02190236353711784,0.01
B51,9,-74.75890330494062,-141.41571813903522,8.88766098022461,0.5572547912597656,0.022089504690514655,0.01
B51,10,-74.76139143656677,-140.83014782857825,8.88766098022461,0.5572547912597656,0.02206794088308801,0.01
B51,11,-74.7523544844414,-140.26968168012908,8.88766098022461,0.5572547912597656,0.022146261134841222,0.01
B51,12,-74.73636004116214,-139.65466942931982,8.88766098022461,0.5572547912597656,0.022284879643261424,0.01
B51,13,-74.71449022596083,-139.1202096780177,8.88766098022461,0.5572547912597656,0.022474418041672807,0.01
B51,14,-74.69928806644866,-138.56300868919814,8.88766098022461,0.5572547912597656,0.02260617009077829,0.01
B51,15,-74.68828889824792,-137.96847870396283,8.88766098022461,0.5572547912597656,0.022701496215184705,0.01
B51,16,-74.68251675083587,-137.37571767673657,8.88766098022461,0.5572547912597656,0.022751521492755767,0.01
B51,17,-74.66625538175946,-136.77196115791952,8.88766098022461,0.5572547912597656,0.022892453358084718,0.01
B51,18,-74.65240850843736,-136.20648133351142,8.88766098022461,0.5572547912597656,0.023012459593542874,0.01
B51,19,-74.61767778665946,-135.73013178897872,6.754116058349609,1.6602821350097656,0.023313459182284713,0.01
B51,20,-74.58010673642569,-135.2365900128355,6.754116058349609,1.6602821350097656,0.023639074950977345,0.01
B51,21,-74.55238919810178,-134.7627581834298,6.754116058349609,1.6602821350097656,0.023879293616451254,0.01
B51,22,-74.52149660420794,-134.27419020660454,6.754116058349609,1.6602821350097656,0.024147029430197857,0.01
B51,23,-74.48605435870357,-133.808132543663,6.754116058349609,1.6602821350097656,0.0244541955579024,0.01
B51,24,-74.45119743445568,-133.3706896832215,6.754116058349609,1.6602821350097656,0.024756288901384114,0.01
B51,25,-74.42369264095159,-132.8861816466935,6.754116058349609,1.6602821350097656,0.02499466377841959,0.01
B51,26,-74.3698345255559,-132.58088694513557,3.7785301208496094,3.2381629943847656,0.02546143411184885,0.01
B51,27,-74.31421241461604,-132.29251568811492,3.7785301208496094,3.2381629943847656,0.025943492406661012,0.01
B51,28,-74.25718766249078,-131.9780410811926,3.7785301208496094,3.2381629943847656,0.026437706925079917,0.01
B51,29,-74.2,-131.7,3.7785301208496094,3.2381629943847656,0.02693333333333331,0.01
C15,0,-68.06395492493189,141.7928211384194,-1.4941749572753906,3.4205360412597656,0.08011239065059027,0.01
C15,1,-68.0000386654343,141.88615651662744,-1.4941749572753906,3.4205360412597656,0.08066633156623604,0.01
C15,2,-67.92851534881723,141.97825252970554,-1.4941749572753906,3.4205360412597656,0.08128620031025069,0.01
C15,3,-67.86356677138286,142.05522929583032,-1.9824562072753906,3.6136512756347656,0.08184908798134852,0.01
C15,4,-67.804941399732,142.14882021110571,-1.9824562072753906,3.6136512756347656,0.082357174535656,0.01
C15,5,-67.73057206943922,142.23081606639397,-1.9824562072753906,3.6136512756347656,0.08300170873152676,0.01
C15,6,-67.66065799535112,142.31184123273147,-1.9824562072753906,3.6136512756347656,0.08360763070695701,0.01
C15,7,-67.60089173281929,142.37159233388985,-2.4646339416503906,3.8512001037597656,0.0841256049822328,0.01
C15,8,-67.53004656590032,142.437465357656,-2.4646339416503906,3.8512001037597656,0.08473959642886389,0.01
C15,9,-67.46240158257507,142.50531140880094,-2.4646339416503906,3.8512001037597656,0.08532585295101608,0.01
C15,10,-67.39811522729016,142.56494492820028,-2.4646339416503906,3.8512001037597656,0.08588300136348527,0.01
C15,11,-67.32755366137643,142.62837045202397,-2.9079933166503906,4.137821197509766,0.08649453493473763,0.01
C15,12,-67.25435972840906,142.6699439895935,-2.9079933166503906,4.137821197509766,0.08712888235378818,0.01
C15,13,-67.18048014641988,142.74804082712652,-2.9079933166503906,4.137821197509766,0.08776917206436102,0.01
C15,14,-67.10639046301004,142.78712314900474,-3.3335304260253906,4.475467681884766,0.08841128265391296,0.01
C15,15,-67.03454102360148,142.874800748125,-3.3335304260253906,4.475467681884766,0.08903397779545387,0.01
C15,16,-66.96234853425214,142.92811803473197,-3.3335304260253906,4.475467681884766,0.08965964603648142,0.01
C15,17,-66.87888193989939,142.99954497674753,-3.3335304260253906,4.475467681884766,0.09038302318753866,0.01
C15,18,-66.79370741643613,143.0261236937231,-3.7849464416503906,4.789676666259766,0.09112120239088685,0.01
C15,19,-66.71041267016166,143.0695215108111,-3.7849464416503906,4.789676666259766,0.09184309019193229,0.01
C15,20,-66.6282302914322,143.09786784592717,-3.7849464416503906,4.789676666259766,0.09255533747425425,0.01
C15,21,-66.54418738622465,143.1285079328886,-4.197544097900391,5.034305572509766,0.09328370931938637,0.01
C15,22,-66.46473581053797,143.14142885207227,-4.197544097900391,5.034305572509766,0.09397228964200424,0.01
C15,23,-66.37241725555879,143.14418150083745,-4.631626129150391,5.302127838134766,0.09477238378515719,0.01
C15,24,-66.28819783854652,143.14962506574466,-4.631626129150391,5.302127838134766,0.09550228539926348,0.01
C15,25,-66.19479585384991,143.1615242763619,-4.631626129150391,5.302127838134766,0.09631176926663412,0.01
C15,26,-66.10280340114313,143.1559301271667,-5.055210113525391,5.529178619384766,0.09710903719009284,0.01
C15,27,-66.01740398366118,143.1346116902563,-5.055210113525391,5.529178619384766,0.09784916547493643,0.01
C15,28,-65.92115371976486,143.11718100156043,-5.055210113525391,5.529178619384766,0.09868333442870456,0.01
C15,29,-65.8333,143.0833,-5.477085113525391,5.782352447509766,0.0994447333333334,0.01
C18B,0,-68.84890582099204,44.404716715116436,0.14962387084960938,3.0103797912597656,0.07330948288473561,0.01
C18B,1,-68.7933188022191,44.55895101611145,0.14962387084960938,3.0103797912597656,0.07379123704743443,0.01
C18B,2,-68.74063015870796,44.709593781029234,0.14962387084960938,3.0103797912597656,0.07424787195786436,0.01
C18B,3,-68.68713121160933,44.86448633140035,0.14962387084960938,3.0103797912597656,0.07471152949938584,0.01
C18B,4,-68.63247451200967,45.02404381441455,0.14962387084960938,3.0103797912597656,0.07518522089591624,0.01
C18B,5,-68.58441837207191,45.12817161704401,-0.4180030822753906,3.1507606506347656,0.07560170744204346,0.01
C18B,6,-68.5240459219313,45.26971387541814,-0.4180030822753906,3.1507606506347656,0.07612493534326203,0.01
C18B,7,-68.46778043072788,45.39138970692796,-0.4180030822753906,3.1507606506347656,0.07661256960035834,0.01
C18B,8,-68.4057725167594,45.51195660038553,-0.4180030822753906,3.1507606506347656,0.07714997152141854,0.01
C18B,9,-68.33938361812538,45.63166586703106,-0.9558448791503906,3.2725868225097656,0.0777253419762467,0.01
C18B,10,-68.28699220731272,45.77318331345892,-0.9558448791503906,3.2725868225097656,0.07817940086995642,0.01
C18B,11,-68.23095387975121,45.91052987747583,-0.9558448791503906,3.2725868225097656,0.0786650663754895,0.01
C18B,12,-68.17379141074693,46.024601966352016,-0.9558448791503906,3.2725868225097656,0.07916047444019328,0.01
C18B,13,-68.11334931001088,46.13722837838804,-1.4941749572753906,3.4205360412597656,0.07968430597990575,0.01
C18B,14,-68.04406123469929,46.23851036902426,-1.4941749572753906,3.4205360412597656,0.08028480263260619,0.01
C18B,15,-67.9884422446711,46.340905175117115,-1.4941749572753906,3.4205360412597656,0.08076683387951708,0.01
C18B,16,-67.93217324223949,46.45395934743764,-1.4941749572753906,3.4205360412597656,0.08125449856725779,0.01
C18B,17,-67.86777918550004,46.53503517512079,-1.9824562072753906,3.6136512756347656,0.08181258039233298,0.01
C18B,18,-67.8044063536203,46.64902955261583,-1.9824562072753906,3.6136512756347656,0.08236181160195745,0.01
C18B,19,-67.74119155452614,46.732704983041344,-1.9824562072753906,3.6136512756347656,0.0829096731941068,0.01
C18B,20,-67.67256927451955,46.830445612472644,-1.9824562072753906,3.6136512756347656,0.0835043996208306,0.01
C18B,21,-67.60712571905616,46.89454425859394,-2.4646339416503906,3.8512001037597656,0.0840715771015133,0.01
C18B,22,-67.53123413975615,46.9893586460051,-2.4646339416503906,3.8512001037597656,0.08472930412211337,0.01
C18B,23,-67.46105536700254,47.04555824362912,-2.4646339416503906,3.8512001037597656,0.08533752015264463,0.01
C18B,24,-67.39664561417094,47.09395952976163,-2.4646339416503906,3.8512001037597656,0.08589573801051856,0.01
C18B,25,-67.32767798981304,47.15150360167563,-2.9079933166503906,4.137821197509766,0.08649345742162033,0.01
C18B,26,-67.26197511686742,47.21020085924727,-2.9079933166503906,4.137821197509766,0.08706288232048238,0.01
C18B,27,-67.18604957720045,47.27356920406968,-2.9079933166503906,4.137821197509766,0.08772090366426277,0.01
C18B,28,-67.11004279510236,47.30538793360536,-3.3335304260253906,4.475467681884766,0.0883796291091129,0.01
C18B,29,-67.0333,47.3667,-3.3335304260253906,4.475467681884766,0.08904473333333336,0.01
C18C,0,-69.78753172235191,33.079865994000976,2.3742332458496094,1.7889442443847656,0.06517472507295008,0.01
C18C,1,-69.74738624788692,33.34350912342268,2.3742332458496094,1.7889442443847656,0.06552265251831334,0.01
C18C,2,-69.70742668387844,33.59361672443648,2.3742332458496094,1.7889442443847656,0.0658689687397202,0.01
C18C,3,-69.66947875623976,33.87097473578835,2.3742332458496094,1.7889442443847656,0.06619785077925545,0.01
C18C,4,-69.64361732464228,34.1149179081058,2.3742332458496094,1.7889442443847656,0.06642198318643358,0.01
C18C,5,-69.60668269005922,34.35876302344533,1.9157371520996094,2.1073036193847656,0.06674208335282013,0.01
C18C,6,-69.56245840576165,34.60822215828302,1.9157371520996094,2.1073036193847656,0.06712536048339907,0.01
C18C,7,-69.52686630083211,34.84259630975181,1.9157371520996094,2.1073036193847656,0.06743382539278837,0.01
C18C,8,-69.49394091976997,35.1172634150286,1.9157371520996094,2.1073036193847656,0.06771917869532694,0.01
C18C,9,-69.45076127908612,35.36936751597034,1.9157371520996094,2.1073036193847656,0.06809340224792026,0.01
C18C,10,-69.41118451438666,35.60744157900181,1.9157371520996094,2.1073036193847656,0.0684364008753156,0.01
C18C,11,-69.37309951465757,35.81509339876674,1.3695945739746094,2.4324989318847656,0.06876647087296775,0.01
C18C,12,-69.32489589883346,36.01930107256103,1.3695945739746094,2.4324989318847656,0.06918423554344334,0.01
C18C,13,-69.28649461787407,36.24703737111411,1.3695945739746094,2.4324989318847656,0.0695170466450914,0.01
C18C,14,-69.2480688276797,36.4454656411966,1.3695945739746094,2.4324989318847656,0.06985007016010925,0.01
C18C,15,-69.19668922054103,36.64868259093128,1.3695945739746094,2.4324989318847656,0.0702953600886444,0.01
C18C,16,-69.14891083464656,36.82991341254704,1.3695945739746094,2.4324989318847656,0.07070943943306317,0.01
C18C,17,-69.10047247053743,37.01322937522649,0.7506980895996094,2.7589149475097656,0.07112923858867565,0.01
C18C,18,-69.05442978881132,37.198901132122884,0.7506980895996094,2.7589149475097656,0.07152827516363523,0.01
C18C,19,-69.00464793950158,37.37363695482129,0.7506980895996094,2.7589149475097656,0.07195971785765297,0.01
C18C,20,-68.95749950550768,37.57200267573748,0.7506980895996094,2.7589149475097656,0.07236833761893341,0.01
C18C,21,-68.91177944789136,37.740087530560515,0.7506980895996094,2.7589149475097656,0.07276457811827486,0.01
C18C,22,-68.85606540620773,37.91844561144308,0.14962387084960938,3.0103797912597656,0.07324743314619965,0.01
C18C,23,-68.80220597637798,38.09751621326262,0.14962387084960938,3.0103797912597656,0.07371421487139088,0.01
C18C,24,-68.75484815049452,38.25083234365729,0.14962387084960938,3.0103797912597656,0.07412464936238079,0.01
C18C,25,-68.70446780105915,38.42116837162157,0.14962387084960938,3.0103797912597656,0.07456127905748734,0.01
C18C,26,-68.65699343064249,38.58679107512663,0.14962387084960938,3.0103797912597656,0.07497272360109844,0.01
C18C,27,-68.60164798713951,38.73010351354859,-0.4180030822753906,3.1507606506347656,0.07545238411145755,0.01
C18C,28,-68.54640617531172,38.86543276608795,-0.4180030822753906,3.1507606506347656,0.07593114648063179,0.01
C18C,29,-68.4833,39.0167,-0.4180030822753906,3.1507606506347656,0.07647806666666666,0.01
C21B,0,-67.52742400105728,95.5654089313417,-2.4646339416503906,3.8512001037597656,0.08476232532417022,0.01
C21B,1,-67.45773293730588,95.62407226672052,-2.4646339416503906,3.8512001037597656,0.08536631454334906,0.01
C21B,2,-67.39326087921656,95.69194640184232,-2.4646339416503906,3.8512001037597656,0.08592507238012319,0.01
C21B,3,-67.32827419655699,95.73154091927572,-2.9079933166503906,4.137821197509766,0.08648829029650609,0.01
C21B,4,-67.26349821370599,95.77757242277268,-2.9079933166503906,4.137821197509766,0.08704968214788146,0.01
C21B,5,-67.19795569850608,95.82844896125118,-2.9079933166503906,4.137821197509766,0.087617717279614,0.01
C21B,6,-67.13069800010537,95.87792203630416,-2.9079933166503906,4.137821197509766,0.08820061733242014,0.01
C21B,7,-67.05607327744605,95.91367602717096,-3.3335304260253906,4.475467681884766,0.08884736492880094,0.01
C21B,8,-66.97100295778779,95.95450171693668,-3.3335304260253906,4.475467681884766,0.08958464103250584,0.01
C21B,9,-66.89356967702079,95.97636563062682,-3.3335304260253906,4.475467681884766,0.09025572946581979,0.01
C21B,10,-66.80959864560444,96.02133329045516,-3.7849464416503906,4.789676666259766,0.09098347840476154,0.01
C21B,11,-66.73431406981952,96.04527299290815,-3.7849464416503906,4.789676666259766,0.09163594472823085,0.01
C21B,12,-66.64646909988453,96.07572485591609,-3.7849464416503906,4.789676666259766,0.09239726780100077,0.01
C21B,13,-66.56147025144138,96.11003132914618,-4.197544097900391,5.034305572509766,0.09313392448750805,0.01
C21B,14,-66.47573470188746,96.13873664608586,-4.197544097900391,5.034305572509766,0.09387696591697535,0.01
C21B,15,-66.392391844875,96.14617809130033,-4.197544097900391,5.034305572509766,0.09459927067775006,0.01
C21B,16,-66.30197738577392,96.14328754881375,-4.631626129150391,5.302127838134766,0.095382862656626,0.01
C21B,17,-66.20769593552367,96.1536035280172,-4.631626129150391,5.302127838134766,0.09619996855879484,0.01
C21B,18,-66.10506035883908,96.14589709287604,-5.055210113525391,5.529178619384766,0.09708947689006128,0.01
C21B,19,-66.01523998923699,96.13194174632666,-5.055210113525391,5.529178619384766,0.09786792009327944,0.01
C21B,20,-65.91651048765893,96.11878857380715,-5.055210113525391,5.529178619384766,0.09872357577362266,0.01
C21B,21,-65.8145679675494,96.10701294080785,-5.477085113525391,5.782352447509766,0.09960707761457192,0.01
C21B,22,-65.72132657278026,96.10433854580229,-5.477085113525391,5.782352447509766,0.10041516970257111,0.01
C21B,23,-65.61909567637916,96.09689496144375,-5.858188629150391,6.050662994384766,0.10130117080471396,0.01
C21B,24,-65.5134828167359,96.0686682349589,-5.858188629150391,6.050662994384766,0.10221648225495553,0.01
C21B,25,-65.40734662716041,96.0510086916918,-5.858188629150391,6.050662994384766,0.10313632923127648,0.01
C21B,26,-65.28923062100782,96.0156717170703,-6.203647613525391,6.346317291259766,0.10416000128459892,0.01
C21B,27,-65.18836764441515,95.99269612116139,-6.203647613525391,6.346317291259766,0.10503414708173535,0.01
C21B,28,-65.07450137212194,95.9492420124251,-6.552280426025391,6.705448150634766,0.1060209881082765,0.01
C21B,29,-64.9667,95.8833,-6.552280426025391,6.705448150634766,0.10695526666666665,0.01
C24,0,-67.43847897908354,95.79405716915771,-2.4646339416503906,3.8512001037597656,0.08553318218127598,0.01
C24,1,-67.37743649890217,95.85902520679657,-2.4646339416503906,3.8512001037597656,0.08606221700951452,0.01
C24,2,-67.30172635253852,95.92489027120746,-2.9079933166503906,4.137821197509766,0.0867183716113328,0.01
C24,3,-67.22435310612285,96.00335131096152,-2.9079933166503906,4.137821197509766,0.08738893974693533,0.01
C24,4,-67.14743110057488,96.05858495686586,-2.9079933166503906,4.137821197509766,0.08805559712835107,0.01
C24,5,-67.06183893325586,96.12044283830575,-3.3335304260253906,4.475467681884766,0.0887973959117826,0.01
C24,6,-66.9802494737935,96.16197307231113,-3.3335304260253906,4.475467681884766,0.08950450456045629,0.01
C24,7,-66.9118181921437,96.21957390729602,-3.3335304260253906,4.475467681884766,0.09009757566808795,0.01
C24,8,-66.8281104747425,96.25014360323122,-3.7849464416503906,4.789676666259766,0.09082304255223166,0.01
C24,9,-66.74975527544757,96.25779391345777,-3.7849464416503906,4.789676666259766,0.09150212094612108,0.01
C24,10,-66.66618405558401,96.31343787843257,-3.7849464416503906,4.789676666259766,0.09222640485160524,0.01
C24,11,-66.57821282330247,96.33749381809065,-4.197544097900391,5.034305572509766,0.0929888221980453,0.01
C24,12,-66.5018834666181,96.36812821442724,-4.197544097900391,5.034305572509766,0.09365034328930984,0.01
C24,13,-66.42123404035493,96.3813269645991,-4.197544097900391,5.034305572509766,0.09434930498359059,0.01
C24,14,-66.32928146685488,96.370087633537,-4.631626129150391,5.302127838134766,0.0951462272872577,0.01
C24,15,-66.2387280812082,96.39025547824326,-4.631626129150391,5.302127838134766,0.09593102329619566,0.01
C24,16,-66.14271055728841,96.38507993651844,-4.631626129150391,5.302127838134766,0.09676317517016712,0.01
C24,17,-66.05084819077022,96.39870301014487,-5.055210113525391,5.529178619384766,0.09755931567999139,0.01
C24,18,-65.97017504187356,96.3880950315969,-5.055210113525391,5.529178619384766,0.09825848297042915,0.01
C24,19,-65.87468292522682,96.39146075210417,-5.477085113525391,5.782352447509766,0.0990860813147009,0.01
C24,20,-65.77778546670035,96.37965783162021,-5.477085113525391,5.782352447509766,0.09992585928859697,0.01
C24,21,-65.6782137219711,96.36005763174506,-5.477085113525391,5.782352447509766,0.10078881440958377,0.01
C24,22,-65.58448342945833,96.33796819742628,-5.858188629150391,6.050662994384766,0.10160114361136113,0.01
C24,23,-65.48803133704284,96.31681365638859,-5.858188629150391,6.050662994384766,0.10243706174562872,0.01
C24,24,-65.38979405626274,96.29553680232978,-5.858188629150391,6.050662994384766,0.10328845151238955,0.01
C24,25,-65.2858084027321,96.23074408895062,-6.203647613525391,6.346317291259766,0.10418966050965513,0.01
C24,26,-65.18304128249325,96.16257022762962,-6.203647613525391,6.346317291259766,0.10508030888505851,0.01
C24,27,-65.06849428116357,96.1198190692475,-6.552280426025391,6.705448150634766,0.1060730495632491,0.01
C24,28,-64.9476154092573,96.06975519000831,-6.552280426025391,6.705448150634766,0.10712066645310345,0.01
C24,29,-64.8333,96.0167,-6.840610504150391,7.029911041259766,0.10811140000000005,0.01
C30,0,-67.41704335058883,96.03158053448226,-2.4646339416503906,3.8512001037597656,0.08571895762823017,0.01
C30,1,-67.35015768181107,96.08793117577179,-2.9079933166503906,4.137821197509766,0.08629863342430408,0.01
C30,2,-67.28364720046703,96.1449049679317,-2.9079933166503906,4.137821197509766,0.08687505759595242,0.01
C30,3,-67.21034531259511,96.20545843088541,-2.9079933166503906,4.137821197509766,0.08751034062417573,0.01
C30,4,-67.13439162352026,96.2661731842864,-2.9079933166503906,4.137821197509766,0.08816860592949109,0.01
C30,5,-67.05641852008648,96.33058814349316,-3.3335304260253906,4.475467681884766,0.08884437282591717,0.01
C30,6,-66.98005563424007,96.37451927834255,-3.3335304260253906,4.475467681884766,0.0895061845032527,0.01
C30,7,-66.9000407893119,96.42103653047761,-3.3335304260253906,4.475467681884766,0.0901996464926302,0.01
C30,8,-66.81606000666227,96.45475893400848,-3.7849464416503906,4.789676666259766,0.09092747994226034,0.01
C30,9,-66.73379110499303,96.5085621744716,-3.7849464416503906,4.789676666259766,0.0916404770900604,0.01
C30,10,-66.64396160126164,96.5559042832447,-3.7849464416503906,4.789676666259766,0.09241899945573248,0.01
C30,11,-66.56098125110583,96.58071582927137,-4.197544097900391,5.034305572509766,0.09313816249041615,0.01
C30,12,-66.47205300806124,96.60216401851442,-4.197544097900391,5.034305572509766,0.09390887393013594,0.01
C30,13,-66.38295011570591,96.64029084828319,-4.197544097900391,5.034305572509766,0.09468109899721545,0.01
C30,14,-66.28875349175073,96.6559753515577,-4.631626129150391,5.302127838134766,0.09549746973816038,0.01
C30,15,-66.20196497474561,96.66484431007207,-4.631626129150391,5.302127838134766,0.09624963688553807,0.01
C30,16,-66.10893279423995,96.65511769618557,-5.055210113525391,5.529178619384766,0.09705591578325379,0.01
C30,17,-66.02106758158631,96.64024128904916,-5.055210113525391,5.529178619384766,0.09781741429291867,0.01
C30,18,-65.93168513078318,96.64276279168647,-5.055210113525391,5.529178619384766,0.09859206219987911,0.01
C30,19,-65.83184472399331,96.62589764635145,-5.477085113525391,5.782352447509766,0.09945734572539129,0.01
C30,20,-65.73050278720036,96.60095084505905,-5.477085113525391,5.782352447509766,0.10033564251093019,0.01
C30,21,-65.6367028258635,96.55372825175589,-5.477085113525391,5.782352447509766,0.10114857550918305,0.01
C30,22,-65.53046694412741,96.54069709492862,-5.858188629150391,6.050662994384766,0.10206928648422911,0.01
C30,23,-65.43185706558597,96.53714916985312,-5.858188629150391,6.050662994384766,0.10292390543158823,0.01
C30,24,-65.32135786628166,96.49004932577104,-6.203647613525391,6.346317291259766,0.1038815651588923,0.01
C30,25,-65.21549883133261,96.45751418876222,-6.203647613525391,6.346317291259766,0.10479901012845072,0.01
C30,26,-65.10326104829653,96.3971366357397,-6.552280426025391,6.705448150634766,0.10577173758143006,0.01
C30,27,-64.99009219188852,96.34726812511296,-6.552280426025391,6.705448150634766,0.10675253433696616,0.01
C30,28,-64.88152201386754,96.3041955684521,-6.552280426025391,6.705448150634766,0.10769347587981468,0.01
C30,29,-64.7667,96.2667,-6.840610504150391,7.029911041259766,0.10868860000000001,0.01
C31,0,-67.3767881259554,96.5135496490278,-2.4646339416503906,3.8512001037597656,0.08606783624171988,0.01
C31,1,-67.302783788336,96.56812333031509,-2.9079933166503906,4.137821197509766,0.08670920716775467,0.01
C31,2,-67.23377350945884,96.61382408640038,-2.9079933166503906,4.137821197509766,0.0873072962513567,0.01
C31,3,-67.16708212586407,96.67886358995545,-2.9079933166503906,4.137821197509766,0.0878852882425114,0.01
C31,4,-67.08565244043793,96.73808838703097,-3.3335304260253906,4.475467681884766,0.08859101218287131,0.01
C31,5,-67.01014974607644,96.78544974532745,-3.3335304260253906,4.475467681884766,0.08924536886733755,0.01
C31,6,-66.9336955008696,96.83526571812759,-3.3335304260253906,4.475467681884766,0.08990797232579677,0.01
C31,7,-66.84974885767033,96.86012428034422,-3.7849464416503906,4.789676666259766,0.09063550990019044,0.01
C31,8,-66.76468779236538,96.87587151361092,-3.7849464416503906,4.789676666259766,0.09137270579950005,0.01
C31,9,-66.68156580491112,96.90363426595896,-3.7849464416503906,4.789676666259766,0.09209309635743701,0.01
C31,10,-66.59147123881668,96.91447767789397,-4.197544097900391,5.034305572509766,0.09287391593025544,0.01
C31,11,-66.50459359192375,96.92557294056247,-4.197544097900391,5.034305572509766,0.09362685553666084,0.01
C31,12,-66.42175869858364,96.94431707892353,-4.197544097900391,5.034305572509766,0.09434475794560843,0.01
C31,13,-66.33795727015489,96.93783008761243,-4.631626129150391,5.302127838134766,0.09507103699199097,0.01
C31,14,-66.25630865103311,96.93736005132686,-4.631626129150391,5.302127838134766,0.09577865835771307,0.01
C31,15,-66.16750986032095,96.94086271740382,-4.631626129150391,5.302127838134766,0.09654824787721845,0.01
C31,16,-66.07490240523724,96.92121781672707,-5.055210113525391,5.529178619384766,0.09735084582127727,0.01
C31,17,-65.96783655484835,96.89892408011268,-5.055210113525391,5.529178619384766,0.09827874985798099,0.01
C31,18,-65.87489462946677,96.86894885153347,-5.477085113525391,5.782352447509766,0.09908424654462136,0.01
C31,19,-65.77580180800797,96.85954807175102,-5.477085113525391,5.782352447509766,0.09994305099726428,0.01
C31,20,-65.6750290569211,96.85730496456503,-5.477085113525391,5.782352447509766,0.10081641484001709,0.01
C31,21,-65.57441931428033,96.83233783470246,-5.858188629150391,6.050662994384766,0.10168836594290377,0.01
C31,22,-65.4782013937198,96.799365156758,-5.858188629150391,6.050662994384766,0.10252225458776174,0.01
C31,23,-65.37121017154602,96.74800164175694,-6.203647613525391,6.346317291259766,0.10344951184660113,0.01
C31,24,-65.26536227294152,96.71587766379567,-6.203647613525391,6.346317291259766,0.10436686030117354,0.01
C31,25,-65.1598858749532,96.66715443561729,-6.203647613525391,6.346317291259766,0.10528098908373891,0.01
C31,26,-65.05918889060025,96.62694161587252,-6.552280426025391,6.705448150634766,0.10615369628146447,0.01
C31,27,-64.9479076963581,96.58683851273487,-6.552280426025391,6.705448150634766,0.1071181332982298,0.01
C31,28,-64.82656504133969,96.54739652184767,-6.840610504150391,7.029911041259766,0.10816976964172269,0.01
C31,29,-64.7167,96.5,-6.840610504150391,7.029911041259766,0.10912193333333331,0.01
C33,0,-67.65624154529806,100.70401797697636,-1.9824562072753906,3.6136512756347656,0.08364590660741683,0.01
C33,1,-67.5909056193577,100.77529231098605,-2.4646339416503906,3.8512001037597656,0.08421215129889995,0.01
C33,2,-67.5220848773697,100.83862200841412,-2.4646339416503906,3.8512001037597656,0.08480859772946255,0.01
C33,3,-67.45894860747305,100.90453711613716,-2.4646339416503906,3.8512001037597656,0.0853557787352336,0.01
C33,4,-67.39458467982803,100.97420000467126,-2.4646339416503906,3.8512001037597656,0.08591359944149042,0.01
C33,5,-67.31738759201615,101.04028310832288,-2.9079933166503906,4.137821197509766,0.0865826408691934,0.01
C33,6,-67.2446442006324,101.10186737697644,-2.9079933166503906,4.137821197509766,0.08721308359451926,0.01
C33,7,-67.17838580606256,101.16367037663787,-2.9079933166503906,4.137821197509766,0.08778732301412444,0.01
C33,8,-67.09591814454711,101.19456936652516,-3.3335304260253906,4.475467681884766,0.08850204274725837,0.01
C33,9,-67.01670530549212,101.2301303622123,-3.3335304260253906,4.475467681884766,0.08918855401906826,0.01
C33,10,-66.94259743260156,101.27583206939276,-3.3335304260253906,4.475467681884766,0.0898308222507865,0.01
C33,11,-66.86131894568271,101.30322487431387,-3.7849464416503906,4.789676666259766,0.09053523580408317,0.01
C33,12,-66.77775774711948,101.32873814228113,-3.7849464416503906,4.789676666259766,0.09125943285829784,0.01
C33,13,-66.69988283599395,101.37063389962745,-3.7849464416503906,4.789676666259766,0.09193434875471913,0.01
C33,14,-66.61355481073142,101.3870374803083,-4.197544097900391,5.034305572509766,0.09268252497366108,0.01
C33,15,-66.5313391588637,101.40260353341806,-4.197544097900391,5.034305572509766,0.09339506062318126,0.01
C33,16,-66.44261485112844,101.42166147255516,-4.197544097900391,5.034305572509766,0.09416400462355352,0.01
C33,17,-66.35620055157824,101.44513578149015,-4.631626129150391,5.302127838134766,0.09491292855298859,0.01
C33,18,-66.26694696674629,101.44941327830468,-4.631626129150391,5.302127838134766,0.09568645962153216,0.01
C33,19,-66.18252942084493,101.46310219211166,-4.631626129150391,5.302127838134766,0.0964180783526773,0.01
C33,20,-66.09942522197268,101.47313030795227,-5.055210113525391,5.529178619384766,0.09713831474290345,0.01
C33,21,-66.0096486878391,101.44837759454241,-5.055210113525391,5.529178619384766,0.09791637803872777,0.01
C33,22,-65.91019014510252,101.43086173484997,-5.055210113525391,5.529178619384766,0.09877835207577818,0.01
C33,23,-65.80672824878536,101.43010720179947,-5.477085113525391,5.782352447509766,0.0996750218438602,0.01
C33,24,-65.71211097814798,101.40835270456331,-5.477085113525391,5.782352447509766,0.10049503818938423,0.01
C33,25,-65.61209188564953,101.37107973666116,-5.858188629150391,6.050662994384766,0.10136187032437072,0.01
C33,26,-65.51321714436581,101.33381365560896,-5.858188629150391,6.050662994384766,0.10221878474882964,0.01
C33,27,-65.42475283898966,101.30150906280112,-5.858188629150391,6.050662994384766,0.10298547539542294,0.01
C33,28,-65.3292904835822,101.26388253453317,-6.203647613525391,6.346317291259766,0.1038128158089543,0.01
C33,29,-65.2167,101.2167,-6.203647613525391,6.346317291259766,0.10478859999999998,0.01
C35,0,-68.29109484142059,141.05814187792058,-0.9558448791503906,3.2725868225097656,0.07814384470768825,0.01
C35,1,-68.23555992341348,141.1862386558346,-0.9558448791503906,3.2725868225097656,0.07862514733041655,0.01
C35,2,-68.18521886644827,141.30827375017682,-0.9558448791503906,3.2725868225097656,0.07906143649078169,0.01
C35,3,-68.1289784433928,141.44346583447006,-0.9558448791503906,3.2725868225097656,0.07954885349059578,0.01
C35,4,-68.0645977149408,141.55864381043958,-1.4941749572753906,3.4205360412597656,0.08010681980384637,0.01
C35,5,-67.9990660544535,141.6709238673849,-1.4941749572753906,3.4205360412597656,0.08067476086140306,0.01
C35,6,-67.9347882834506,141.771274230838,-1.4941749572753906,3.4205360412597656,0.08123183487676146,0.01
C35,7,-67.86857477816436,141.84997472012955,-1.9824562072753906,3.6136512756347656,0.0818056852559089,0.01
C35,8,-67.80761881636577,141.92539652874976,-1.9824562072753906,3.6136512756347656,0.08233397025816329,0.01
C35,9,-67.74654350111399,142.01891674668718,-1.9824562072753906,3.6136512756347656,0.08286328965701209,0.01
C35,10,-67.683619965701,142.11280919698652,-1.9824562072753906,3.6136512756347656,0.08340862696392468,0.01
C35,11,-67.62181155436458,142.16702764682233,-2.4646339416503906,3.8512001037597656,0.08394429986217361,0.01
C35,12,-67.54706847041274,142.22919131394963,-2.4646339416503906,3.8512001037597656,0.08459207325642293,0.01
C35,13,-67.47891498269294,142.30372152839396,-2.4646339416503906,3.8512001037597656,0.08518273681666118,0.01
C35,14,-67.4158927121297,142.37429709210136,-2.4646339416503906,3.8512001037597656,0.08572892982820925,0.01
C35,15,-67.34658722284709,142.4175330759343,-2.9079933166503906,4.137821197509766,0.08632957740199189,0.01
C35,16,-67.27884519939299,142.49568432247418,-2.9079933166503906,4.137821197509766,0.08691667493859409,0.01
C35,17,-67.20662364894157,142.55672616922962,-2.9079933166503906,4.137821197509766,0.08754259504250637,0.01
C35,18,-67.1307219983533,142.63739507372355,-2.9079933166503906,4.137821197509766,0.08820040934760479,0.01
C35,19,-67.06053491628427,142.69192021122547,-3.3335304260253906,4.475467681884766,0.08880869739220301,0.01
C35,20,-66.9883694842352,142.73323159318065,-3.3335304260253906,4.475467681884766,0.08943413113662821,0.01
C35,21,-66.9072130524325,142.7847102484161,-3.3335304260253906,4.475467681884766,0.09013748687891837,0.01
C35,22,-66.82474083000562,142.8334954297025,-3.7849464416503906,4.789676666259766,0.09085224613995127,0.01
C35,23,-66.73862685765907,142.8643909947034,-3.7849464416503906,4.789676666259766,0.09159856723362139,0.01
C35,24,-66.65414774043691,142.8984506857564,-3.7849464416503906,4.789676666259766,0.09233071958288011,0.01
C35,25,-66.56805605096915,142.9258181868264,-4.197544097900391,5.034305572509766,0.0930768475582674,0.01
C35,26,-66.4784327289477,142.93303387755884,-4.197544097900391,5.034305572509766,0.09385358301578665,0.01
C35,27,-66.39371270352325,142.95194888923893,-4.197544097900391,5.034305572509766,0.09458782323613185,0.01
C35,28,-66.30833270263001,142.9515319250404,-4.631626129150391,5.302127838134766,0.09532778324387324,0.01
C35,29,-66.2167,142.95,-4.631626129150391,5.302127838134766,0.09612193333333331,0.01
C36,0,-69.1666304544766,142.7550674909906,1.3695945739746094,2.4324989318847656,0.0705558693945361,0.01
C36,1,-69.11153603167763,142.93972573496563,0.7506980895996094,2.7589149475097656,0.0710333543921272,0.01
C36,2,-69.05730353378223,143.1341763611672,0.7506980895996094,2.7589149475097656,0.07150336937388732,0.01
C36,3,-69.00468643468668,143.3084238321243,0.7506980895996094,2.7589149475097656,0.07195938423271549,0.01
C36,4,-68.9492792737746,143.4975821938331,0.7506980895996094,2.7589149475097656,0.07243957962728687,0.01
C36,5,-68.8987707388039,143.67938650701865,0.7506980895996094,2.7589149475097656,0.0728773202636995,0.01
C36,6,-68.83836034006559,143.83272032416713,0.14962387084960938,3.0103797912597656,0.07340087705276488,0.01
C36,7,-68.77804469121057,144.01879205964184,0.14962387084960938,3.0103797912597656,0.07392361267617509,0.01
C36,8,-68.72224988755546,144.18691373158106,0.14962387084960938,3.0103797912597656,0.07440716764118599,0.01
C36,9,-68.66316206421729,144.34701607904267,0.14962387084960938,3.0103797912597656,0.07491926211011683,0.01
C36,10,-68.61256119325056,144.49617599157048,-0.4180030822753906,3.1507606506347656,0.07535780299182851,0.01
C36,11,-68.55887868610641,144.65007357075342,-0.4180030822753906,3.1507606506347656,0.07582305138707778,0.01
C36,12,-68.504871881419,144.7734984359389,-0.4180030822753906,3.1507606506347656,0.07629111036103528,0.01
C36,13,-68.44842404938555,144.9044462615372,-0.4180030822753906,3.1507606506347656,0.07678032490532523,0.01
C36,14,-68.39665059302696,145.0599812842024,-0.4180030822753906,3.1507606506347656,0.07722902819376633,0.01
C36,15,-68.3339275469649,145.20483152043911,-0.9558448791503906,3.2725868225097656,0.0777726279263042,0.01
C36,16,-68.27239954491088,145.35038317958512,-0.9558448791503906,3.2725868225097656,0.07830587061077235,0.01
C36,17,-68.20926325567619,145.47036311579254,-0.9558448791503906,3.2725868225097656,0.07885305178413968,0.01
C36,18,-68.14885471255515,145.60949681606834,-0.9558448791503906,3.2725868225097656,0.07937659249118871,0.01
C36,19,-68.08459377072414,145.71043271554385,-1.4941749572753906,3.4205360412597656,0.07993352065372412,0.01
C36,20,-68.02171699849315,145.82715030107903,-1.4941749572753906,3.4205360412597656,0.08047845267972606,0.01
C36,21,-67.96270134908015,145.9280918704334,-1.4941749572753906,3.4205360412597656,0.08098992164130538,0.01
C36,22,-67.90817160703683,146.0176082772422,-1.4941749572753906,3.4205360412597656,0.0814625127390141,0.01
C36,23,-67.84683105232523,146.08921780934986,-1.9824562072753906,3.6136512756347656,0.08199413087984803,0.01
C36,24,-67.77975666116376,146.1517219816608,-1.9824562072753906,3.6136512756347656,0.08257544226991409,0.01
C36,25,-67.72348513193819,146.2411689716583,-1.9824562072753906,3.6136512756347656,0.08306312885653569,0.01
C36,26,-67.6648193259645,146.3328478263797,-1.9824562072753906,3.6136512756347656,0.083571565841641,0.01
C36,27,-67.5996012748373,146.39969741719491,-2.4646339416503906,3.8512001037597656,0.0841367889514101,0.01
C36,28,-67.536612107605,146.455690679053,-2.4646339416503906,3.8512001037597656,0.08468269506742337,0.01
C36,29,-67.4667,146.5333,-2.4646339416503906,3.8512001037597656,0.08528859999999998,0.01
C39,0,-68.33057767561989,56.633221847390566,-0.9558448791503906,3.2725868225097656,0.0778016601446276,0.01
C39,1,-68.27025301547853,56.745808447057165,-0.9558448791503906,3.2725868225097656,0.07832447386585273,0.01
C39,2,-68.21421019621899,56.8732814552535,-0.9558448791503906,3.2725868225097656,0.07881017829943546,0.01
C39,3,-68.16237640869805,57.008912942284915,-0.9558448791503906,3.2725868225097656,0.07925940445795022,0.01
C39,4,-68.09964934573803,57.107666555748914,-1.4941749572753906,3.4205360412597656,0.07980303900360375,0.01
C39,5,-68.04115977773462,57.21298155001278,-1.4941749572753906,3.4205360412597656,0.08030994859296663,0.01
C39,6,-67.97934564997091,57.329027206380836,-1.4941749572753906,3.4205360412597656,0.08084567103358545,0.01
C39,7,-67.92650383182199,57.447863164385495,-1.4941749572753906,3.4205360412597656,0.08130363345754275,0.01
C39,8,-67.8580716384468,57.55132606565503,-1.9824562072753906,3.6136512756347656,0.08189671246679439,0.01
C39,9,-67.7901779218551,57.659560816324905,-1.9824562072753906,3.6136512756347656,0.08248512467725577,0.01
C39,10,-67.72390532121537,57.74938960354094,-1.9824562072753906,3.6136512756347656,0.08305948721613347,0.01
C39,11,-67.66172387895877,57.852046251529806,-1.9824562072753906,3.6136512756347656,0.08359839304902401,0.01
C39,12,-67.59135701244494,57.92660509503887,-2.4646339416503906,3.8512001037597656,0.08420823922547716,0.01
C39,13,-67.5205610569983,57.99152144080682,-2.4646339416503906,3.8512001037597656,0.08482180417268137,0.01
C39,14,-67.45676103654547,58.05709573504567,-2.4646339416503906,3.8512001037597656,0.08537473768327257,0.01
C39,15,-67.39426356031522,58.125405380486306,-2.4646339416503906,3.8512001037597656,0.08591638247726807,0.01
C39,16,-67.32874374063542,58.191528991341606,-2.9079933166503906,4.137821197509766,0.08648422091449307,0.01
C39,17,-67.26292072528817,58.25624492477656,-2.9079933166503906,4.137821197509766,0.08705468704750255,0.01
C39,18,-67.18536296113899,58.30076762357211,-2.9079933166503906,4.137821197509766,0.08772685433679542,0.01
C39,19,-67.10959792840791,58.35328786418361,-3.3335304260253906,4.475467681884766,0.0883834846204648,0.01
C39,20,-67.02857257681865,58.38582127675518,-3.3335304260253906,4.475467681884766,0.0890857043342384,0.01
C39,21,-66.95274130852489,58.448963936789845,-3.3335304260253906,4.475467681884766,0.08974290865945095,0.01
C39,22,-66.86739560276709,58.48485934603387,-3.7849464416503906,4.789676666259766,0.09048257144268523,0.01
C39,23,-66.78014254129273,58.507917483666695,-3.7849464416503906,4.789676666259766,0.09123876464212965,0.01
C39,24,-66.70309958515939,58.55892509283947,-3.7849464416503906,4.789676666259766,0.09190647026195194,0.01
C39,25,-66.62746643053579,58.58919735543321,-3.7849464416503906,4.789676666259766,0.09256195760202315,0.01
C39,26,-66.54486534154655,58.60337107598129,-4.197544097900391,5.034305572509766,0.09327783370659654,0.01
C39,27,-66.4581519717461,58.62754246748671,-4.197544097900391,5.034305572509766,0.09402934957820043,0.01
C39,28,-66.37853250911863,58.65234948364223,-4.197544097900391,5.034305572509766,0.0947193849209719,0.01
C39,29,-66.2833,58.65,-4.631626129150391,5.302127838134766,0.09554473333333337,0.01
D15A,0,-68.60277298535163,79.22275357660165,-0.4180030822753906,3.1507606506347656,0.0754426341269525,0.01
D15A,1,-68.54595662138043,79.36495436395234,-0.4180030822753906,3.1507606506347656,0.07593504261470298,0.01
D15A,2,-68.48390894490726,79.52141240214361,-0.4180030822753906,3.1507606506347656,0.07647278914413712,0.01
D15A,3,-68.43331844576717,79.67521624755528,-0.4180030822753906,3.1507606506347656,0.07691124013668452,0.01
D15A,4,-68.37194721506586,79.80454061617053,-0.9558448791503906,3.2725868225097656,0.07744312413609589,0.01
D15A,5,-68.3198182433716,79.91537306905622,-0.9558448791503906,3.2725868225097656,0.07789490855744614,0.01
D15A,6,-68.26487280518859,80.06059511925595,-0.9558448791503906,3.2725868225097656,0.07837110235503224,0.01
D15A,7,-68.20555172268602,80.18349380469442,-0.9558448791503906,3.2725868225097656,0.07888521840338779,0.01
D15A,8,-68.13255293077755,80.31283163562057,-0.9558448791503906,3.2725868225097656,0.0795178745999279,0.01
D15A,9,-68.06995335464558,80.43052084657124,-1.4941749572753906,3.4205360412597656,0.08006040425973834,0.01
D15A,10,-68.00824908237865,80.53399355086592,-1.4941749572753906,3.4205360412597656,0.080595174619385,0.01
D15A,11,-67.94254725149594,80.64226881115066,-1.4941749572753906,3.4205360412597656,0.0811645904870352,0.01
D15A,12,-67.87453170233644,80.70238228567393,-1.9824562072753906,3.6136512756347656,0.08175405857975085,0.01
D15A,13,-67.81209769357669,80.79559039475903,-1.9824562072753906,3.6136512756347656,0.08229515332233536,0.01
D15A,14,-67.75181511691606,80.88486199023279,-1.9824562072753906,3.6136512756347656,0.08281760232006079,0.01
D15A,15,-67.69092057239453,80.97995871619405,-1.9824562072753906,3.6136512756347656,0.08334535503924739,0.01
D15A,16,-67.6181582256123,81.06888897684706,-2.4646339416503906,3.8512001037597656,0.08397596204469336,0.01
D15A,17,-67.55467671903178,81.1510328986891,-2.4646339416503906,3.8512001037597656,0.08452613510172462,0.01
D15A,18,-67.48070312050008,81.2237325786978,-2.4646339416503906,3.8512001037597656,0.08516723962233264,0.01
D15A,19,-67.41548578357809,81.29939650245882,-2.4646339416503906,3.8512001037597656,0.08573245654232321,0.01
D15A,20,-67.34523474937721,81.37718899260358,-2.9079933166503906,4.137821197509766,0.08634129883873083,0.01
D15A,21,-67.26952534725181,81.42462452038758,-2.9079933166503906,4.137821197509766,0.08699744699048428,0.01
D15A,22,-67.19666192004445,81.47448205962985,-2.9079933166503906,4.137821197509766,0.08762893002628144,0.01
D15A,23,-67.12889643676895,81.56602699029992,-2.9079933166503906,4.137821197509766,0.08821623088133573,0.01
D15A,24,-67.05536421621568,81.61581495688367,-3.3335304260253906,4.475467681884766,0.08885351012613078,0.01
D15A,25,-66.98284579274056,81.6657491369395,-3.3335304260253906,4.475467681884766,0.0894820031295818,0.01
D15A,26,-66.90643225595943,81.70256765022367,-3.3335304260253906,4.475467681884766,0.09014425378168495,0.01
D15A,27,-66.82922473627907,81.7322669150988,-3.7849464416503906,4.789676666259766,0.0908133856189147,0.01
D15A,28,-66.74585058335394,81.75464986280046,-3.7849464416503906,4.789676666259766,0.09153596161093251,0.01
D15A,29,-66.6667,81.7833,-3.7849464416503906,4.789676666259766,0.0922219333333333,0.01
D15B,0,-68.82271180306425,78.47797739005965,0.14962387084960938,3.0103797912597656,0.07353649770677649,0.01
D15B,1,-68.76723704458678,78.63304338707302,0.14962387084960938,3.0103797912597656,0.07401727894691458,0.01
D15B,2,-68.70974488327505,78.81846706930239,0.14962387084960938,3.0103797912597656,0.07451554434494957,0.01
D15B,3,-68.66129620129209,78.96942788561925,0.14962387084960938,3.0103797912597656,0.07493543292213523,0.01
D15B,4,-68.6030993486734,79.09361902363305,-0.4180030822753906,3.1507606506347656,0.07543980564483056,0.01
D15B,5,-68.53947198300602,79.24676859221032,-0.4180030822753906,3.1507606506347656,0.07599124281394778,0.01
D15B,6,-68.48514874422106,79.36937986037456,-0.4180030822753906,3.1507606506347656,0.07646204421675079,0.01
D15B,7,-68.42730375625966,79.51237184023314,-0.4180030822753906,3.1507606506347656,0.07696336744574961,0.01
D15B,8,-68.37788896128116,79.66045016786136,-0.4180030822753906,3.1507606506347656,0.07739162900222997,0.01
D15B,9,-68.32561027458178,79.78203494570846,-0.9558448791503906,3.2725868225097656,0.07784471095362461,0.01
D15B,10,-68.27105908356758,79.90882019709133,-0.9558448791503906,3.2725868225097656,0.07831748794241432,0.01
D15B,11,-68.21168527252976,80.03363545682568,-0.9558448791503906,3.2725868225097656,0.07883206097140871,0.01
D15B,12,-68.16264739610159,80.13674074096396,-0.9558448791503906,3.2725868225097656,0.07925705590045289,0.01
D15B,13,-68.0985739611222,80.23014849589002,-1.4941749572753906,3.4205360412597656,0.07981235900360761,0.01
D15B,14,-68.0381343777916,80.35007705178079,-1.4941749572753906,3.4205360412597656,0.08033616872580619,0.01
D15B,15,-67.97814778585473,80.44152392107362,-1.4941749572753906,3.4205360412597656,0.08085605252259234,0.01
D15B,16,-67.91755667569451,80.55225878210646,-1.4941749572753906,3.4205360412597656,0.08138117547731423,0.01
D15B,17,-67.85533307992641,80.63671295047962,-1.9824562072753906,3.6136512756347656,0.08192044664063779,0.01
D15B,18,-67.78682312766627,80.72544534145685,-1.9824562072753906,3.6136512756347656,0.0825141995602257,0.01
D15B,19,-67.72029921019342,80.7996042069451,-1.9824562072753906,3.6136512756347656,0.08309074017832373,0.01
D15B,20,-67.65394624407342,80.88979301169745,-1.9824562072753906,3.6136512756347656,0.08366579921803033,0.01
D15B,21,-67.58584606949516,80.97506447700988,-2.4646339416503906,3.8512001037597656,0.08425600073104193,0.01
D15B,22,-67.52170105085378,81.06027198437492,-2.4646339416503906,3.8512001037597656,0.08481192422593392,0.01
D15B,23,-67.4535785276234,81.1278912857752,-2.4646339416503906,3.8512001037597656,0.08540231942726381,0.01
D15B,24,-67.38218222496899,81.18383570254103,-2.4646339416503906,3.8512001037597656,0.08602108738360212,0.01
D15B,25,-67.30885708443716,81.24001942264553,-2.9079933166503906,4.137821197509766,0.08665657193487791,0.01
D15B,26,-67.23448353736175,81.30579651934974,-2.9079933166503906,4.137821197509766,0.08730114267619812,0.01
D15B,27,-67.16793737899464,81.3632172212348,-2.9079933166503906,4.137821197509766,0.08787787604871315,0.01
D15B,28,-67.095582320377,81.41416846895078,-3.3335304260253906,4.475467681884766,0.0885049532233993,0.01
D15B,29,-67.0167,81.4667,-3.3335304260253906,4.475467681884766,0.0891886,0.01
D15C,0,-68.9785441866822,76.10997430148298,0.7506980895996094,2.7589149475097656,0.07218595038208761,0.01
D15C,1,-68.92475925076602,76.31897244118144,0.7506980895996094,2.7589149475097656,0.07265208649336119,0.01
D15C,2,-68.87144065012521,76.48349240767956,0.14962387084960938,3.0103797912597656,0.07311418103224819,0.01
D15C,3,-68.8121484028027,76.6586344288541,0.14962387084960938,3.0103797912597656,0.0736280471757099,0.01
D15C,4,-68.76768255035834,76.81051753930497,0.14962387084960938,3.0103797912597656,0.07401341789689435,0.01
D15C,5,-68.70708025608135,76.96170441494661,0.14962387084960938,3.0103797912597656,0.07453863778062826,0.01
D15C,6,-68.6496828298121,77.14370746302394,0.14962387084960938,3.0103797912597656,0.07503608214162852,0.01
D15C,7,-68.59437934560717,77.31620120108451,-0.4180030822753906,3.1507606506347656,0.0755153790047379,0.01
D15C,8,-68.53775107206081,77.4695304377729,-0.4180030822753906,3.1507606506347656,0.07600615737547295,0.01
D15C,9,-68.48413333134945,77.62148654445772,-0.4180030822753906,3.1507606506347656,0.07647084446163807,0.01
D15C,10,-68.42640177547791,77.76417182950355,-0.4180030822753906,3.1507606506347656,0.07697118461252475,0.01
D15C,11,-68.36476378870259,77.87041905690194,-0.9558448791503906,3.2725868225097656,0.07750538049791089,0.01
D15C,12,-68.30048092055674,77.98841905928107,-0.9558448791503906,3.2725868225097656,0.07806249868850829,0.01
D15C,13,-68.2387348484719,78.12855173898598,-0.9558448791503906,3.2725868225097656,0.07859763131324347,0.01
D15C,14,-68.18128806690717,78.24359519238043,-0.9558448791503906,3.2725868225097656,0.07909550342013784,0.01
D15C,15,-68.12773825038106,78.35159332648111,-0.9558448791503906,3.2725868225097656,0.07955960183003084,0.01
D15C,16,-68.06868297036496,78.45518650449334,-1.4941749572753906,3.4205360412597656,0.08007141425683702,0.01
D15C,17,-68.0088005452273,78.53888483977944,-1.4941749572753906,3.4205360412597656,0.08059039527469672,0.01
D15C,18,-67.94778398696158,78.61762286039057,-1.4941749572753906,3.4205360412597656,0.08111920544633296,0.01
D15C,19,-67.88779061917548,78.73811969069757,-1.4941749572753906,3.4205360412597656,0.08163914796714587,0.01
D15C,20,-67.8266650781043,78.83484270678036,-1.9824562072753906,3.6136512756347656,0.08216890265642941,0.01
D15C,21,-67.76754962049552,78.93815868927287,-1.9824562072753906,3.6136512756347656,0.0826812366223722,0.01
D15C,22,-67.70066155287469,79.03541005589817,-1.9824562072753906,3.6136512756347656,0.08326093320841935,0.01
D15C,23,-67.63981875976326,79.13251433830258,-1.9824562072753906,3.6136512756347656,0.0837882374153851,0.01
D15C,24,-67.56615206442757,79.1912014436266,-2.4646339416503906,3.8512001037597656,0.0844266821082944,0.01
D15C,25,-67.50153382586925,79.263757160439,-2.4646339416503906,3.8512001037597656,0.08498670684246655,0.01
D15C,26,-67.43490787913557,79.32849852369762,-2.4646339416503906,3.8512001037597656,0.08556413171415844,0.01
D15C,27,-67.36421927737476,79.35006912674989,-2.9079933166503906,4.137821197509766,0.0861767662627521,0.01
D15C,28,-67.28950633630518,79.4338388594212,-2.9079933166503906,4.137821197509766,0.08682427841868845,0.01
D15C,29,-67.2167,79.5,-2.9079933166503906,4.137821197509766,0.08745526666666664,0.01
D15D,0,-69.03891736506068,75.73980395326946,0.7506980895996094,2.7589149475097656,0.07166271616947407,0.01
D15D,1,-68.98834803056563,75.94833047401035,0.7506980895996094,2.7589149475097656,0.07210098373509786,0.01
D15D,2,-68.93576822572182,76.1466473182621,0.7506980895996094,2.7589149475097656,0.0725566753770776,0.01
D15D,3,-68.88715117475049,76.31998306865287,0.7506980895996094,2.7589149475097656,0.07297802315216247,0.01
D15D,4,-68.82671442644661,76.46910951449513,0.14962387084960938,3.0103797912597656,0.07350180830412935,0.01
D15D,5,-68.77128507169287,76.64965341156756,0.14962387084960938,3.0103797912597656,0.07398219604532844,0.01
D15D,6,-68.71071220670049,76.82938034800544,0.14962387084960938,3.0103797912597656,0.07450716087526241,0.01
D15D,7,-68.65414285443038,77.00165319287728,0.14962387084960938,3.0103797912597656,0.07499742859493674,0.01
D15D,8,-68.60262756086729,77.14834571376453,-0.4180030822753906,3.1507606506347656,0.07544389447248348,0.01
D15D,9,-68.54877958377172,77.3074156903535,-0.4180030822753906,3.1507606506347656,0.0759105769406451,0.01
D15D,10,-68.49780559870085,77.46288437466997,-0.4180030822753906,3.1507606506347656,0.07635235147792596,0.01
D15D,11,-68.44361372162518,77.58264824589988,-0.4180030822753906,3.1507606506347656,0.07682201441258174,0.01
D15D,12,-68.38559656200897,77.72539129120902,-0.4180030822753906,3.1507606506347656,0.07732482979592226,0.01
D15D,13,-68.33028814537283,77.85477531886426,-0.9558448791503906,3.2725868225097656,0.07780416940676878,0.01
D15D,14,-68.26816423989615,77.99456123582051,-0.9558448791503906,3.2725868225097656,0.07834257658756669,0.01
D15D,15,-68.21250108794798,78.1299775826518,-0.9558448791503906,3.2725868225097656,0.07882499057111747,0.01
D15D,16,-68.15787359559134,78.2634956981146,-0.9558448791503906,3.2725868225097656,0.07929842883820838,0.01
D15D,17,-68.09688886045716,78.3612580224926,-1.4941749572753906,3.4205360412597656,0.07982696320937131,0.01
D15D,18,-68.02627158680916,78.46019263271785,-1.4941749572753906,3.4205360412597656,0.0804389795809873,0.01
D15D,19,-67.96042770747803,78.52808420381449,-1.4941749572753906,3.4205360412597656,0.08100962653519038,0.01
D15D,20,-67.89609167510596,78.63400320059577,-1.4941749572753906,3.4205360412597656,0.08156720548241499,0.01
D15D,21,-67.82847559197222,78.70982755689742,-1.9824562072753906,3.6136512756347656,0.08215321153624075,0.01
D15D,22,-67.7698798686459,78.79681201187257,-1.9824562072753906,3.6136512756347656,0.0826610411384022,0.01
D15D,23,-67.7038202023588,78.88598842591242,-1.9824562072753906,3.6136512756347656,0.08323355824622375,0.01
D15D,24,-67.63607682279888,78.96238702375712,-1.9824562072753906,3.6136512756347656,0.08382066753574301,0.01
D15D,25,-67.57100443900177,79.0208487103014,-2.4646339416503906,3.8512001037597656,0.08438462819531801,0.01
D15D,26,-67.49797140153467,79.07948141088542,-2.4646339416503906,3.8512001037597656,0.08501758118669953,0.01
D15D,27,-67.4403100191301,79.1404600919821,-2.4646339416503906,3.8512001037597656,0.08551731316753919,0.01
D15D,28,-67.37527777146168,79.20016616854531,-2.4646339416503906,3.8512001037597656,0.08608092598066543,0.01
D15D,29,-67.3,79.25,-2.9079933166503906,4.137821197509766,0.08673333333333336,0.01
D23,0,-70.40442474426624,67.10214367078571,3.3554344177246094,1.0089149475097656,0.05982831888302595,0.01
D23,1,-70.38491156024116,67.39097396577598,3.3554344177246094,1.0089149475097656,0.059997433144576576,0.01
D23,2,-70.3573855218121,67.64742994386943,3.1132469177246094,1.2117958068847656,0.06023599214429509,0.01
D23,3,-70.31879879211968,67.92142874496409,3.1132469177246094,1.2117958068847656,0.060570410468296115,0.01
D23,4,-70.29214106076142,68.18402513216336,3.1132469177246094,1.2117958068847656,0.06080144414006766,0.01
D23,5,-70.26202096175396,68.44927769762307,3.1132469177246094,1.2117958068847656,0.06106248499813234,0.01
D23,6,-70.24235155063033,68.71821235630539,3.1132469177246094,1.2117958068847656,0.061232953227870465,0.01
D23,7,-70.22084970171518,68.98972750361587,3.1132469177246094,1.2117958068847656,0.06141930258513509,0.01
D23,8,-70.194007926394,69.27799270303586,3.1132469177246094,1.2117958068847656,0.06165193130458539,0.01
D23,9,-70.17106783137608,69.53663441028641,3.1132469177246094,1.2117958068847656,0.06185074546140733,0.01
D23,10,-70.15039866914059,69.79837383560837,3.1132469177246094,1.2117958068847656,0.062029878200781596,0.01
D23,11,-70.13054737299065,70.06983390781213,3.1132469177246094,1.2117958068847656,0.06220192276741439,0.01
D23,12,-70.10099857824842,70.34663028948441,2.7782859802246094,1.4681434631347656,0.062458012321847015,0.01
D23,13,-70.07049498250792,70.60734537920638,2.7782859802246094,1.4681434631347656,0.06272237681826466,0.01
D23,14,-70.0342822380136,70.87121543997304,2.7782859802246094,1.4681434631347656,0.06303622060388211,0.01
D23,15,-70.00452024393638,71.13402384210822,2.7782859802246094,1.4681434631347656,0.06329415788588467,0.01
D23,16,-69.96705308505935,71.40398416834674,2.7782859802246094,1.4681434631347656,0.06361887326281898,0.01
D23,17,-69.94228891155143,71.69591924466897,2.7782859802246094,1.4681434631347656,0.06383349609988762,0.01
D23,18,-69.90215716252014,71.94717953234034,2.7782859802246094,1.4681434631347656,0.06418130459149213,0.01
D23,19,-69.8599994865556,72.19026303115616,2.3742332458496094,1.7889442443847656,0.06454667111651818,0.01
D23,20,-69.82215265086495,72.44776982649869,2.3742332458496094,1.7889442443847656,0.0648746770258371,0.01
D23,21,-69.78579263264638,72.70747368996885,2.3742332458496094,1.7889442443847656,0.0651897971837314,0.01
D23,22,-69.74598834592196,72.93346885970773,2.3742332458496094,1.7889442443847656,0.06553476766867636,0.01
D23,23,-69.69921144238072,73.20197312300782,2.3742332458496094,1.7889442443847656,0.06594016749936714,0.01
D23,24,-69.67035414455668,73.4596209521663,2.3742332458496094,1.7889442443847656,0.06619026408050875,0.01
D23,25,-69.62671599755217,73.6981710864508,2.3742332458496094,1.7889442443847656,0.06656846135454787,0.01
D23,26,-69.58411551225224,73.91359177690791,1.9157371520996094,2.1073036193847656,0.0669376655604806,0.01
D23,27,-69.54477445576006,74.16657254003829,1.9157371520996094,2.1073036193847656,0.06727862138341278,0.01
D23,28,-69.50590822473832,74.40368117826233,1.9157371520996094,2.1073036193847656,0.06761546205226789,0.01
D23,29,-69.4667,74.6167,1.9157371520996094,2.1073036193847656,0.06795526666666664,0.01
D30B,0,-63.030855563145565,-49.94242131750599,-1.3694190979003906,3.4791297912597656,0.12373258511940512,0.01
D30B,1,-62.96885734857614,-49.79730149230034,-1.4346046447753906,3.5081825256347656,0.12426990297900682,0.01
D30B,2,-62.90726208561921,-49.6374465016513,-1.4346046447753906,3.5081825256347656,0.12480372859130019,0.01
D30B,3,-62.84490754835356,-49.48189201470014,-1.5066261291503906,3.6053504943847656,0.1253441345809358,0.01
D30B,4,-62.776770967861175,-49.32988151324112,-1.6059913635253906,3.6529579162597656,0.1259346516118698,0.01
D30B,5,-62.72050832023387,-49.17273554170722,-1.6059913635253906,3.6529579162597656,0.12642226122463981,0.01
D30B,6,-62.65107022731239,-49.035640120708486,-1.7058448791503906,3.7008094787597656,0.1270240580299593,0.01
D30B,7,-62.5861116995288,-48.89818523102831,-1.7012062072753906,3.8258094787597656,0.12758703193741708,0.01
D30B,8,-62.52256767310137,-48.74946941030832,-1.7829933166503906,3.8900184631347656,0.12813774683312146,0.01
D30B,9,-62.453385565768535,-48.61820388928767,-1.8677101135253906,3.9356727600097656,0.1287373250966727,0.01
D30B,10,-62.38325650648409,-48.46625707276875,-1.8677101135253906,3.9356727600097656,0.1293451102771379,0.01
D30B,11,-62.30977344355099,-48.30501209704417,-1.8979835510253906,4.281864166259766,0.12998196348922478,0.01
D30B,12,-62.23761411458861,-48.13824714308577,-1.8979835510253906,4.281864166259766,0.13060734434023205,0.01
D30B,13,-62.1616945666836,-47.98678072155788,-1.9807472229003906,4.323612213134766,0.13126531375540879,0.01
D30B,14,-62.08148785818584,-47.845746384384626,-1.9350929260253906,4.704959869384766,0.1319604385623894,0.01
D30B,15,-62.00706023838955,-47.68934574939295,-1.9350929260253906,4.704959869384766,0.13260547793395724,0.01
D30B,16,-61.926895470010905,-47.54398423401247,-1.9875831604003906,4.807987213134766,0.13330023925990547,0.01
D30B,17,-61.83520864133408,-47.38206851453915,-1.9575538635253906,5.130008697509766,0.13409485844177133,0.01
D30B,18,-61.73479995747176,-47.227288382830835,-2.0344581604003906,5.225955963134766,0.13496506703524477,0.01
D30B,19,-61.63990750201634,-47.08822731264483,-2.1518898010253906,5.272586822509766,0.13578746831585836,0.01
D30B,20,-61.54353593928004,-46.92760386103014,-2.1597023010253906,5.527957916259766,0.13662268852623966,0.01
D30B,21,-61.44486447533199,-46.7798010568015,-2.2910499572753906,5.571170806884766,0.13747784121378942,0.01
D30B,22,-61.34018309632474,-46.637021446551,-2.3230323791503906,5.845340728759766,0.13838507983185222,0.01
D30B,23,-61.23524971809857,-46.50338728863268,-2.4773292541503906,5.895389556884766,0.1392945024431457,0.01
D30B,24,-61.13539659880867,-46.35656723081437,-2.6460304260253906,5.964481353759766,0.1401598961436582,0.01
D30B,25,-61.04279656011733,-46.22001400577573,-2.7099952697753906,6.258914947509766,0.14096242981231646,0.01
D30B,26,-60.92880517897977,-46.09399682879299,-2.9104347229003906,6.258914947509766,0.14195035511550863,0.01
D30B,27,-60.80795546513095,-45.958974738970355,-3.0691261291503906,6.741092681884766,0.14299771930219843,0.01
D30B,28,-60.691468945676775,-45.84551190708399,-3.1755714416503906,6.826053619384766,0.14400726913746797,0.01
D30B,29,-60.5667,-45.7167,-3.3166847229003906,7.468631744384766,0.1450886,0.01
D32,0,-62.8414405674563,-37.85806705547651,-6.652622222900391,6.959110260009766,0.12537418174871204,0.01
D32,1,-62.725057276039685,-37.858468234817664,-6.652622222900391,6.959110260009766,0.1263828369409894,0.01
D32,2,-62.604374450553685,-37.867996086529324,-6.833286285400391,7.335086822509766,0.12742875476186805,0.01
D32,3,-62.48586935446057,-37.88062517616562,-6.757358551025391,7.223026275634766,0.1284557989280084,0.01
D32,4,-62.36367173709876,-37.892556650907174,-6.956089019775391,7.564090728759766,0.12951484494514406,0.01
D32,5,-62.244811291956765,-37.91974627459276,-6.956089019775391,7.564090728759766,0.13054496880304137,0.01
D32,6,-62.116967603321164,-37.940938704038935,-6.999546051025391,7.864139556884766,0.13165294743788325,0.01
D32,7,-61.99200136525012,-37.97247144137151,-6.999546051025391,7.864139556884766,0.1327359881678323,0.01
D32,8,-61.86971241984195,-37.97553745377681,-6.935825347900391,8.107059478759766,0.13379582569470308,0.01
D32,9,-61.73333111655213,-38.018061133539675,-6.935825347900391,8.107059478759766,0.13497779698988155,0.01
D32,10,-61.597990098289074,-38.020225763123335,-6.834995269775391,8.313602447509766,0.1361507524814947,0.01
D32,11,-61.47170393438836,-38.01267218971605,-6.834995269775391,8.313602447509766,0.13724523256863422,0.01
D32,12,-61.33366935938917,-37.98568122085015,-6.677036285400391,8.467166900634766,0.1384415322186272,0.01
D32,13,-61.18680178662034,-37.990381250510374,-6.677036285400391,8.467166900634766,0.13971438451595702,0.01
D32,14,-61.03309615440056,-37.981086073571454,-6.504184722900391,8.603885650634766,0.14104649999519514,0.01
D32,15,-60.89402286565041,-37.984067210397875,-6.504184722900391,8.603885650634766,0.14225180183102976,0.01
D32,16,-60.739258135274376,-37.97002942671999,-6.288364410400391,8.725223541259766,0.14359309616095542,0.01
D32,17,-60.5994387964919,-37.93829085227548,-6.209751129150391,8.905399322509766,0.14480486376373686,0.01
D32,18,-60.43429080233675,-37.87983852338224,-6.209751129150391,8.905399322509766,0.1462361463797482,0.01
D32,19,-60.27612472354295,-37.84985526026585,-6.108676910400391,9.100467681884766,0.14760691906262777,0.01
D32,20,-60.132705753985135,-37.82256029042132,-6.108676910400391,9.100467681884766,0.14884988346546216,0.01
D32,21,-59.98067566429458,-37.78936784058045,-5.894077301025391,9.204715728759766,0.15,0.01
D32,22,-59.82481909407888,-37.73086483541555,-5.894077301025391,9.204715728759766,0.15,0.01
D32,23,-59.67417570472128,-37.68609774326362,-5.894077301025391,9.204715728759766,0.15,0.01
D32,24,-59.51488601496797,-37.63131098645952,-5.894077301025391,9.204715728759766,0.15,0.01
D32,25,-59.36816684470998,-37.56041633050436,-5.941684722900391,9.262088775634766,0.15,0.01
D32,26,-59.22333854017863,-37.50934418311577,-5.941684722900391,9.262088775634766,0.15,0.01
D32,27,-59.07300060682453,-37.44752107033964,-5.941684722900391,9.262088775634766,0.15,0.01
D32,28,-58.92496135094261,-37.40382321132836,-5.941684722900391,9.262088775634766,0.15,0.01
D32,29,-58.75,-37.3667,-5.982456207275391,9.305789947509766,0.15,0.01
D33A,0,-64.91169304852252,-62.895777253325285,1.6068992614746094,1.9774208068847656,0.10743199357947147,0.01
D33A,1,-64.89607802759208,-62.67704034058559,0.9193992614746094,0.7899208068847656,0.10756732376086864,0.01
D33A,2,-64.89344437751514,-62.4847619600876,-0.07156753540039062,-0.18200302124023438,0.10759014872820213,0.01
D33A,3,-64.86248825624729,-62.27573366993564,1.1005516052246094,1.6854286193847656,0.1078584351125235,0.01
D33A,4,-64.83820773472304,-62.079399758625094,0.16695785522460938,1.0387001037597656,0.10806886629906698,0.01
D33A,5,-64.81309753007024,-61.88342295628457,0.16695785522460938,1.0387001037597656,0.10828648807272462,0.01
D33A,6,-64.79975309773482,-61.704889595379925,-0.4634132385253906,0.6197547912597656,0.10840213981963155,0.01
D33A,7,-64.78724131583627,-61.49407125311791,0.4206199645996094,0.07190322875976562,0.10851057526275235,0.01
D33A,8,-64.78960439729534,-61.227430048585,1.3083152770996094,-0.4810752868652344,0.10849009522344044,0.01
D33A,9,-64.78577599387984,-60.86881531141283,3.5888328552246094,-0.14977645874023438,0.10852327471970807,0.01
D33A,10,-64.78407033980682,-60.53299992247007,3.9948387145996094,0.022830963134765625,0.10853805705500759,0.01
D33A,11,-64.74811840106251,-60.22819865012711,2.9665184020996094,1.5975379943847656,0.1088496405241249,0.01
D33A,12,-64.69565145720502,-59.934951522480766,1.9362449645996094,3.1778602600097656,0.10930435403755652,0.01
D33A,13,-64.62677535308008,-59.68208763084172,1.6410789489746094,3.5894813537597656,0.10990128027330599,0.01
D33A,14,-64.57361698099501,-59.33544918582836,3.8673973083496094,2.1890907287597656,0.1103619861647099,0.01
D33A,15,-64.50839731117277,-59.00860131145231,3.6366844177246094,3.3092079162597656,0.11092722330316931,0.01
D33A,16,-64.41130475093308,-58.67667381871445,3.4303855895996094,4.393680572509766,0.11176869215857994,0.01
D33A,17,-64.35947287918535,-58.38724359738157,2.4455223083496094,2.2943153381347656,0.112217901713727,0.01
D33A,18,-64.32369215729348,-58.13938263536055,1.4814109802246094,1.9617958068847656,0.11252800130345653,0.01
D33A,19,-64.30165799837381,-57.89463079644127,1.5561180114746094,1.3670692443847656,0.11271896401409362,0.01
D33A,20,-64.27485235729917,-57.586993698385186,2.8573875427246094,1.9266395568847656,0.11295127957007389,0.01
D33A,21,-64.21922580487795,-57.270837997849306,3.4340476989746094,2.7059364318847656,0.11343337635772444,0.01
D33A,22,-64.1415055446812,-56.905830460375014,4.012905120849609,3.4810829162597656,0.11410695194609632,0.01
D33A,23,-64.05915367924177,-56.63603371374312,2.2753562927246094,4.871952056884766,0.11482066811323796,0.01
D33A,24,-63.97675262202945,-56.38186830455671,1.7030906677246094,4.227664947509766,0.1155348106090781,0.01
D33A,25,-63.900368395081664,-56.14038464054088,0.8542137145996094,4.208621978759766,0.11619680724262559,0.01
D33A,26,-63.82978175600998,-55.90537314330566,0.8498191833496094,4.193241119384766,0.11680855811458019,0.01
D33A,27,-63.76354293393804,-55.659248373794284,0.4416160583496094,4.148319244384766,0.11738262790587031,0.01
D33A,28,-63.687338283729936,-55.47241013181948,-0.023227691650390625,4.066043853759766,0.11804306820767389,0.01
D33A,29,-63.6,-55.25,0.07906723022460938,4.633182525634766,0.11879999999999999,0.01
D33B,0,-62.99360673864806,-58.09415256864901,3.8217430114746094,4.771854400634766,0.12405540826505014,0.01
D33B,1,-62.91965321540031,-57.764255895347766,3.2604637145996094,4.950077056884766,0.124696338799864,0.01
D33B,2,-62.802821900509976,-57.45640224033073,2.4286766052246094,6.199832916259766,0.12570887686224688,0.01
D33B,3,-62.689664813574176,-57.17801303888635,2.3129539489746094,6.679080963134766,0.12668957161569047,0.01
D33B,4,-62.5535723639254,-56.8912871775579,1.8517723083496094,8.037479400634766,0.12786903951264655,0.01
D33B,5,-62.41632614777737,-56.626567948432445,1.8302879333496094,8.262821197509766,0.1290585067192628,0.01
D33B,6,-62.28076013153938,-56.31035570888408,1.8410301208496094,8.689579010009766,0.13023341219332535,0.01
D33B,7,-62.1441450143229,-56.05535903222786,1.7951316833496094,8.493534088134766,0.1314174098758682,0.01
D33B,8,-61.970165320373326,-55.78918205330367,1.8205223083496094,8.855838775634766,0.13292523389009786,0.01
D33B,9,-61.808082972805884,-55.46152400266956,1.8449363708496094,8.814334869384766,0.13432994756901567,0.01
D33B,10,-61.6697419818731,-55.15168741137549,1.8937644958496094,8.365360260009766,0.13552890282376645,0.01
D33B,11,-61.556651529265906,-54.827439600580355,2.0417137145996094,7.327762603759766,0.13650902007969548,0.01
D33B,12,-61.45301396836562,-54.499836058256584,1.8761863708496094,6.739871978759766,0.13740721227416466,0.01
D33B,13,-61.36219720844533,-54.250482108903476,1.2482566833496094,5.003543853759766,0.13819429086014048,0.01
D33B,14,-61.30220097754432,-53.966480270191425,0.5351219177246094,4.091678619384766,0.1387142581946159,0.01
D33B,15,-61.24048035022609,-53.736917188239595,-0.032505035400390625,3.6453895568847656,0.13924917029804051,0.01
D33B,16,-61.182773832384996,-53.52223379566682,-0.5205421447753906,3.3385047912597656,0.13974929345266338,0.01
D33B,17,-61.136483099133976,-53.32869519467462,-0.8457374572753906,3.3216590881347656,0.14015047980750553,0.01
D33B,18,-61.08788810439597,-53.13056955673583,-0.4499855041503906,2.8355751037597656,0.14057163642856824,0.01
D33B,19,-61.036249781624825,-52.92337309855196,-0.7175636291503906,2.9117469787597656,0.1410191685592515,0.01
D33B,20,-60.97535802409,-52.734376256922594,-0.9507179260253906,2.9654579162597656,0.14154689712455334,0.01
D33B,21,-60.90787304513005,-52.535110451688546,-1.1433448791503906,3.0008583068847656,0.1421317669422062,0.01
D33B,22,-60.85571944069097,-52.3299539322223,-0.9863624572753906,3.1412391662597656,0.14258376484734495,0.01
D33B,23,-60.79201782973661,-52.15588749986902,-0.9863624572753906,3.1412391662597656,0.14313584547561609,0.01
D33B,24,-60.735753165649854,-51.98959003764634,-1.1611671447753906,3.3809852600097656,0.14362347256436794,0.01
D33B,25,-60.67134620847842,-51.802934644699874,-1.3240089416503906,3.6856727600097656,0.14418166619318704,0.01
D33B,26,-60.59688590024083,-51.60856508678311,-1.0566749572753906,4.475711822509766,0.14482698886457948,0.01
D33B,27,-60.517581345002284,-51.40014201078006,-1.0566749572753906,4.475711822509766,0.1455142950099802,0.01
D33B,28,-60.43735415008527,-51.22215933073139,-1.0825538635253906,4.781131744384766,0.14620959736592767,0.01
D33B,29,-60.3333,-51.0167,-0.8357276916503906,5.542362213134766,0.1471114,0.01
D33C,0,-64.70020174299545,-63.74267968349076,4.343959808349609,3.5653114318847656,0.1092649182273728,0.01
D33C,1,-64.6136912687756,-63.377144633647966,4.303920745849609,4.673465728759766,0.1100146756706115,0.01
D33C,2,-64.52474440758488,-63.00170067274502,5.686000823974609,5.258426666259766,0.11078554846759774,0.01
D33C,3,-64.45415594819853,-62.57257143879433,5.651821136474609,3.7613563537597656,0.11139731511561271,0.01
D33C,4,-64.3795080596179,-62.18990092242587,4.433071136474609,3.9752235412597656,0.1120442634833115,0.01
D33C,5,-64.29569425125196,-61.886789709989834,3.6098289489746094,4.628543853759766,0.11277064982248303,0.01
D33C,6,-64.21937139431151,-61.608251850333836,1.9999656677246094,4.552616119384766,0.1134321145826336,0.01
D33C,7,-64.10634269808921,-61.26029452538642,4.052944183349609,5.806522369384766,0.11441169661656021,0.01
D33C,8,-64.0220604185782,-60.94795769715595,3.2492332458496094,5.251346588134766,0.11514214303898888,0.01
D33C,9,-63.934785781238176,-60.677288625924085,2.4733543395996094,5.009891510009766,0.11589852322926915,0.01
D33C,10,-63.85909044473153,-60.32373706282329,4.838100433349609,4.007694244384766,0.11655454947899344,0.01
D33C,11,-63.818132663427924,-59.961162531810174,4.470912933349609,2.8790321350097656,0.116909516916958,0.01
D33C,12,-63.753442793183616,-59.631381579628716,3.3288230895996094,3.4525184631347656,0.11747016245907532,0.01
D33C,13,-63.69759253270541,-59.33435610178637,2.8329734802246094,3.3189735412597656,0.11795419804988647,0.01
D33C,14,-63.64635487083858,-59.04542804442335,2.0290184020996094,2.9832801818847656,0.11839825778606565,0.01
D33C,15,-63.57420666358568,-58.736635950064915,2.9950828552246094,3.9166297912597656,0.11902354224892413,0.01
D33C,16,-63.51830529617924,-58.38658532031227,3.4469871520996094,3.5916786193847656,0.11950802076644657,0.01
D33C,17,-63.45870591346306,-58.10735828060509,2.4867820739746094,3.0352821350097656,0.1200245487499868,0.01
D33C,18,-63.402548239080424,-57.800641959100304,2.5312156677246094,2.8516883850097656,0.12051124859463633,0.01
D33C,19,-63.33137412429699,-57.50802746855389,2.4657859802246094,4.248661041259766,0.1211280909227594,0.01
D33C,20,-63.24776867220453,-57.20082951182383,2.1051902770996094,4.834842681884766,0.12185267150756075,0.01
D33C,21,-63.144181464984854,-56.931994386167844,1.9433250427246094,5.413455963134766,0.1227504273034646,0.01
D33C,22,-63.050710993695084,-56.65463637459127,1.8876609802246094,6.877567291259766,0.12356050472130928,0.01
D33C,23,-62.93294617282988,-56.381082896812394,1.8166160583496094,6.692020416259766,0.12458113316880773,0.01
D33C,24,-62.80371966711095,-56.11056596642807,1.8715476989746094,7.440311431884766,0.12570109621837178,0.01
D33C,25,-62.67493196515782,-55.833052779602276,1.7409324645996094,7.509403228759766,0.12681725630196558,0.01
D33C,26,-62.54483178231649,-55.544701368102864,1.4565086364746094,7.450321197509766,0.12794479121992375,0.01
D33C,27,-62.432312789957365,-55.27216515356906,1.3695945739746094,7.338260650634766,0.1289199558203695,0.01
D33C,28,-62.324656064041484,-54.97264121073779,1.7184715270996094,7.389286041259766,0.12985298077830712,0.01
D33C,29,-62.2167,-54.7,1.6320457458496094,6.794559478759766,0.13078859999999998,0.01
D34,0,-68.8907877611851,78.7560919218596,0.7506980895996094,2.7589149475097656,0.07294650606972918,0.01
D34,1,-68.82585973013565,78.9157783036361,0.14962387084960938,3.0103797912597656,0.07350921567215772,0.01
D34,2,-68.76722876786614,79.0809968957202,0.14962387084960938,3.0103797912597656,0.07401735067849342,0.01
D34,3,-68.71440465433687,79.22404809378256,0.14962387084960938,3.0103797912597656,0.07447515966241376,0.01
D34,4,-68.66490780274842,79.38306693838148,0.14962387084960938,3.0103797912597656,0.07490413237618039,0.01
D34,5,-68.60769941290499,79.5359791975771,-0.4180030822753906,3.1507606506347656,0.07539993842149006,0.01
D34,6,-68.55066014573302,79.67949338700451,-0.4180030822753906,3.1507606506347656,0.0758942787369805,0.01
D34,7,-68.4952960947341,79.80405292491116,-0.4180030822753906,3.1507606506347656,0.07637410051230445,0.01
D34,8,-68.4336036925613,79.9553832388879,-0.4180030822753906,3.1507606506347656,0.07690876799780201,0.01
D34,9,-68.38034639586523,80.09433567191742,-0.4180030822753906,3.1507606506347656,0.07737033123583466,0.01
D34,10,-68.32654012714904,80.20977014805536,-0.9558448791503906,3.2725868225097656,0.07783665223137494,0.01
D34,11,-68.2631860372042,80.32093446649053,-0.9558448791503906,3.2725868225097656,0.07838572101089687,0.01
D34,12,-68.2117732611312,80.46379771324466,-0.9558448791503906,3.2725868225097656,0.0788312984035296,0.01
D34,13,-68.15340996222493,80.60123918516183,-0.9558448791503906,3.2725868225097656,0.0793371136607173,0.01
D34,14,-68.09627453858369,80.69750775221704,-1.4941749572753906,3.4205360412597656,0.07983228733227472,0.01
D34,15,-68.04778969411072,80.80538468405616,-1.4941749572753906,3.4205360412597656,0.0802524893177071,0.01
D34,16,-67.98276591276723,80.8935939754014,-1.4941749572753906,3.4205360412597656,0.0808160287560173,0.01
D34,17,-67.92236921681061,81.00262439668694,-1.4941749572753906,3.4205360412597656,0.0813394667876414,0.01
D34,18,-67.85919247746364,81.09373928726131,-1.9824562072753906,3.6136512756347656,0.08188699852864847,0.01
D34,19,-67.78972257423005,81.21677012291345,-1.9824562072753906,3.6136512756347656,0.08248907102333954,0.01
D34,20,-67.72470813401296,81.31609409448903,-1.9824562072753906,3.6136512756347656,0.08305252950522105,0.01
D34,21,-67.6667531801429,81.4053626233326,-1.9824562072753906,3.6136512756347656,0.08355480577209483,0.01
D34,22,-67.59418027596968,81.45918535393007,-2.4646339416503906,3.8512001037597656,0.08418377094159614,0.01
D34,23,-67.53338171485512,81.53771458520177,-2.4646339416503906,3.8512001037597656,0.08471069180458893,0.01
D34,24,-67.46406307947031,81.62286234749266,-2.4646339416503906,3.8512001037597656,0.08531145331125735,0.01
D34,25,-67.39693276639086,81.68390695889427,-2.4646339416503906,3.8512001037597656,0.08589324935794587,0.01
D34,26,-67.32954582472807,81.74554703109673,-2.9079933166503906,4.137821197509766,0.08647726951902339,0.01
D34,27,-67.25465079966894,81.81537280512765,-2.9079933166503906,4.137821197509766,0.08712635973620256,0.01
D34,28,-67.17694866584128,81.87891735819211,-2.9079933166503906,4.137821197509766,0.08779977822937558,0.01
D34,29,-67.1,81.9167,-3.3335304260253906,4.475467681884766,0.08846666666666672,0.01
D35,0,-63.39395042881442,-46.773944601981555,-2.6028175354003906,3.0145301818847656,0.12058576295027504,0.01
D35,1,-63.335624249251296,-46.65666121589028,-2.5185890197753906,3.3121376037597656,0.12109125650648878,0.01
D35,2,-63.27940056461239,-46.56051708448577,-2.5930519104003906,3.4117469787597656,0.12157852844002598,0.01
D35,3,-63.22804034894013,-46.43202526547268,-2.5930519104003906,3.4117469787597656,0.12202365030918558,0.01
D35,4,-63.15920170335245,-46.31725336103409,-2.6504249572753906,3.5037879943847656,0.12262025190427876,0.01
D35,5,-63.09073447308529,-46.21275046931362,-2.5586280822753906,3.8175086975097656,0.12321363456659415,0.01
D35,6,-63.01766065171587,-46.10370187585111,-2.6589698791503906,3.8678016662597656,0.12384694101846244,0.01
D35,7,-62.94857858020531,-45.98693582325403,-2.6589698791503906,3.8678016662597656,0.12444565230488734,0.01
D35,8,-62.88396597864303,-45.8661607052236,-2.7605323791503906,3.9095497131347656,0.12500562818509373,0.01
D35,9,-62.81326128914388,-45.733265249858974,-2.7781105041503906,4.212039947509766,0.12561840216075304,0.01
D35,10,-62.73978031268878,-45.640195676647146,-2.7781105041503906,4.212039947509766,0.12625523729003058,0.01
D35,11,-62.66945944389315,-45.53204808736352,-2.9275245666503906,4.249881744384766,0.12686468481959268,0.01
D35,12,-62.59773867352172,-45.400105433883176,-2.9534034729003906,4.583133697509766,0.12748626482947845,0.01
D35,13,-62.51336647678689,-45.26756094335611,-3.1587257385253906,4.657840728759766,0.12821749053451362,0.01
D35,14,-62.429354608441294,-45.155700070262405,-3.1587257385253906,4.657840728759766,0.12894559339350878,0.01
D35,15,-62.337451876908865,-45.04571940974222,-3.4861183166503906,5.057010650634766,0.1297420837334565,0.01
D35,16,-62.24742853300431,-44.9482235128311,-3.4861183166503906,5.057010650634766,0.130522286047296,0.01
D35,17,-62.1637883521529,-44.86519539325026,-3.6770362854003906,5.162235260009766,0.13124716761467486,0.01
D35,18,-62.07449158866851,-44.774566653661175,-3.8330421447753906,5.541873931884766,0.13202107289820628,0.01
D35,19,-61.971478419621356,-44.68659932801171,-3.8330421447753906,5.541873931884766,0.13291385369661493,0.01
D35,20,-61.869658563589525,-44.589845239683825,-4.134555816650391,5.917362213134766,0.1337962924488908,0.01
D35,21,-61.75953784507655,-44.49982117739732,-4.134555816650391,5.917362213134766,0.13475067200933655,0.01
D35,22,-61.657653572120594,-44.42004490686025,-4.134555816650391,5.917362213134766,0.13563366904162152,0.01
D35,23,-61.549338269186535,-44.32024010132968,-4.332798004150391,6.298709869384766,0.13657240166705004,0.01
D35,24,-61.44886490795165,-44.25277765641658,-4.332798004150391,6.298709869384766,0.13744317079775234,0.01
D35,25,-61.33765201962261,-44.16519116894645,-4.293735504150391,6.605838775634766,0.1384070158299374,0.01
D35,26,-61.22533156814272,-44.0746137196131,-4.418735504150391,6.710330963134766,0.13938045974276309,0.01
D35,27,-61.1256825828153,-43.98867205029085,-4.418735504150391,6.710330963134766,0.1402440842822674,0.01
D35,28,-61.014910047388334,-43.899125457085674,-4.416538238525391,7.023075103759766,0.14120411292263443,0.01
D35,29,-60.9,-43.8167,-4.496860504150391,7.096805572509766,0.14220000000000002,0.01
D36,0,-68.39122193243925,84.92760335893603,-0.4180030822753906,3.1507606506347656,0.07727607658552649,0.01
D36,1,-68.33263201302387,85.03319044598554,-0.9558448791503906,3.2725868225097656,0.07778385588712647,0.01
D36,2,-68.26824388522849,85.14061275625137,-0.9558448791503906,3.2725868225097656,0.07834188632801979,0.01
D36,3,-68.20639605095678,85.27177432546095,-0.9558448791503906,3.2725868225097656,0.07887790089170787,0.01
D36,4,-68.15006268174531,85.38639001853575,-0.9558448791503906,3.2725868225097656,0.07936612342487398,0.01
D36,5,-68.07873435915691,85.48864583953929,-1.4941749572753906,3.4205360412597656,0.07998430222064011,0.01
D36,6,-68.0153948270549,85.59486570910434,-1.4941749572753906,3.4205360412597656,0.08053324483219082,0.01
D36,7,-67.95156370792503,85.68754071948236,-1.4941749572753906,3.4205360412597656,0.08108644786464972,0.01
D36,8,-67.89292211093947,85.80404950441188,-1.4941749572753906,3.4205360412597656,0.08159467503852463,0.01
D36,9,-67.82742909408337,85.8691232441646,-1.9824562072753906,3.6136512756347656,0.08216228118461079,0.01
D36,10,-67.75621481529225,85.98480813051957,-1.9824562072753906,3.6136512756347656,0.08277947160080049,0.01
D36,11,-67.69278309720524,86.06029123908917,-1.9824562072753906,3.6136512756347656,0.08332921315755462,0.01
D36,12,-67.62253480603391,86.12509882993659,-2.4646339416503906,3.8512001037597656,0.08393803168103944,0.01
D36,13,-67.55121102446762,86.18614121292713,-2.4646339416503906,3.8512001037597656,0.08455617112128064,0.01
D36,14,-67.48616357054867,86.23956174578797,-2.4646339416503906,3.8512001037597656,0.08511991572191153,0.01
D36,15,-67.40904926565058,86.32061932640892,-2.4646339416503906,3.8512001037597656,0.08578823969769497,0.01
D36,16,-67.33094688817619,86.37835932378292,-2.9079933166503906,4.137821197509766,0.08646512696913973,0.01
D36,17,-67.25896862918918,86.44970918602127,-2.9079933166503906,4.137821197509766,0.08708893854702708,0.01
D36,18,-67.18750619065099,86.51448384194116,-2.9079933166503906,4.137821197509766,0.08770827968102474,0.01
D36,19,-67.10925647091597,86.58485335561541,-3.3335304260253906,4.475467681884766,0.0883864439187283,0.01
D36,20,-67.0222514617791,86.6151531667254,-3.3335304260253906,4.475467681884766,0.08914048733124776,0.01
D36,21,-66.94384794598977,86.63808032755988,-3.3335304260253906,4.475467681884766,0.08981998446808864,0.01
D36,22,-66.86740882138909,86.66493571960359,-3.7849464416503906,4.789676666259766,0.09048245688129455,0.01
D36,23,-66.77825803839775,86.70286602955478,-3.7849464416503906,4.789676666259766,0.09125509700055282,0.01
D36,24,-66.70165189345437,86.71626124826005,-3.7849464416503906,4.789676666259766,0.09191901692339548,0.01
D36,25,-66.60906715143939,86.73144803486142,-4.197544097900391,5.034305572509766,0.09272141802085862,0.01
D36,26,-66.52604195285804,86.74877361792643,-4.197544097900391,5.034305572509766,0.09344096974189701,0.01
D36,27,-66.44175530604086,86.77145807325164,-4.197544097900391,5.034305572509766,0.09417145401431255,0.01
D36,28,-66.35979980470805,86.76046814335209,-4.631626129150391,5.302127838134766,0.09488173502586361,0.01
D36,29,-66.2667,86.7667,-4.631626129150391,5.302127838134766,0.09568860000000001,0.01
D37,0,-70.23725866429014,29.084056780189247,3.1132469177246094,1.2117958068847656,0.06127709157615213,0.01
D37,1,-70.21953423613392,29.356245084829766,3.1132469177246094,1.2117958068847656,0.06143070328683932,0.01
D37,2,-70.19318128963265,29.650610862918747,3.1132469177246094,1.2117958068847656,0.06165909548985039,0.01
D37,3,-70.16301836603199,29.91885480555365,3.1132469177246094,1.2117958068847656,0.061920507494389404,0.01
D37,4,-70.13352581445389,30.19171062163189,3.1132469177246094,1.2117958068847656,0.062176109608066285,0.01
D37,5,-70.10646633189465,30.46526362946452,2.7782859802246094,1.4681434631347656,0.062410625123579686,0.01
D37,6,-70.07038917606474,30.740796430162586,2.7782859802246094,1.4681434631347656,0.06272329380743895,0.01
D37,7,-70.03827188074496,31.016986197567917,2.7782859802246094,1.4681434631347656,0.06300164370021036,0.01
D37,8,-70.00896190915022,31.292444332084646,2.7782859802246094,1.4681434631347656,0.06325566345403147,0.01
D37,9,-69.98623838340886,31.550523501545577,2.7782859802246094,1.4681434631347656,0.06345260067712322,0.01
D37,10,-69.95472735796574,31.846542671970592,2.7782859802246094,1.4681434631347656,0.06372569623096361,0.01
D37,11,-69.91087275887476,32.11088611929444,2.7782859802246094,1.4681434631347656,0.06410576942308542,0.01
D37,12,-69.87491332564666,32.38000717678883,2.3742332458496094,1.7889442443847656,0.06441741784439561,0.01
D37,13,-69.83913503998741,32.649969164901925,2.3742332458496094,1.7889442443847656,0.0647274963201091,0.01
D37,14,-69.80302970457447,32.887224060834015,2.3742332458496094,1.7889442443847656,0.06504040922702126,0.01
D37,15,-69.77316446203695,33.130961793920214,2.3742332458496094,1.7889442443847656,0.06529924132901314,0.01
D37,16,-69.7329363169828,33.3711909820125,2.3742332458496094,1.7889442443847656,0.06564788525281572,0.01
D37,17,-69.69708192185686,33.641159346691865,2.3742332458496094,1.7889442443847656,0.06595862334390719,0.01
D37,18,-69.65414043460936,33.897727653550426,2.3742332458496094,1.7889442443847656,0.06633078290005222,0.01
D37,19,-69.60909061498009,34.11029910660639,1.9157371520996094,2.1073036193847656,0.06672121467017256,0.01
D37,20,-69.57537104432365,34.333632455565535,1.9157371520996094,2.1073036193847656,0.06701345094919507,0.01
D37,21,-69.54394161581403,34.58614046212257,1.9157371520996094,2.1073036193847656,0.0672858393296117,0.01
D37,22,-69.50303527321667,34.82419706157964,1.9157371520996094,2.1073036193847656,0.06764036096545555,0.01
D37,23,-69.46428535232775,35.04125611122383,1.9157371520996094,2.1073036193847656,0.06797619361315951,0.01
D37,24,-69.42305895811624,35.24760857494747,1.9157371520996094,2.1073036193847656,0.06833348902965922,0.01
D37,25,-69.37127131290079,35.469366631405386,1.3695945739746094,2.4324989318847656,0.06878231528819317,0.01
D37,26,-69.31878686435333,35.69285063591469,1.3695945739746094,2.4324989318847656,0.06923718050893782,0.01
D37,27,-69.27732103405486,35.89631351765448,1.3695945739746094,2.4324989318847656,0.06959655103819118,0.01
D37,28,-69.24234230820002,36.12373562236733,1.3695945739746094,2.4324989318847656,0.0698996999955998,0.01
D37,29,-69.2,36.3333,1.3695945739746094,2.4324989318847656,0.07026666666666664,0.01
UK324,0,-68.90218537585307,145.72479754224503,0.7506980895996094,2.7589149475097656,0.07284772674260677,0.01
UK324,1,-68.83377815695447,145.88340292784213,0.14962387084960938,3.0103797912597656,0.07344058930639463,0.01
UK324,2,-68.78037667779827,146.04874477849256,0.14962387084960938,3.0103797912597656,0.07390340212574831,0.01
UK324,3,-68.7271493369496,146.22617982048752,0.14962387084960938,3.0103797912597656,0.07436470574643685,0.01
UK324,4,-68.66618149027857,146.3809509723565,0.14962387084960938,3.0103797912597656,0.07489309375091902,0.01
UK324,5,-68.60620765899463,146.50191423829256,-0.4180030822753906,3.1507606506347656,0.07541286695537984,0.01
UK324,6,-68.54977727703154,146.64929178455574,-0.4180030822753906,3.1507606506347656,0.07590193026572667,0.01
UK324,7,-68.4983320320648,146.79092435585548,-0.4180030822753906,3.1507606506347656,0.07634778905543844,0.01
UK324,8,-68.43132438812232,146.95896962303433,-0.4180030822753906,3.1507606506347656,0.07692852196960656,0.01
UK324,9,-68.36619582199953,147.07181780788096,-0.9558448791503906,3.2725868225097656,0.07749296954267078,0.01
UK324,10,-68.30149744872041,147.1756908218833,-0.9558448791503906,3.2725868225097656,0.07805368877775644,0.01
UK324,11,-68.23443013426531,147.30164275038283,-0.9558448791503906,3.2725868225097656,0.07863493883636731,0.01
UK324,12,-68.17462586394299,147.43334642354583,-0.9558448791503906,3.2725868225097656,0.07915324251249407,0.01
UK324,13,-68.11817171005865,147.5341503664261,-1.4941749572753906,3.4205360412597656,0.07964251184615839,0.01
UK324,14,-68.0612157596162,147.62138994619693,-1.4941749572753906,3.4205360412597656,0.08013613008332623,0.01
UK324,15,-67.98982368336898,147.71468732546228,-1.4941749572753906,3.4205360412597656,0.08075486141080215,0.01
UK324,16,-67.92684676584325,147.8477707755704,-1.4941749572753906,3.4205360412597656,0.08130066136269183,0.01
UK324,17,-67.86641093538387,147.94703133739938,-1.9824562072753906,3.6136512756347656,0.08182443856000648,0.01
UK324,18,-67.79794467274118,148.0590690104548,-1.9824562072753906,3.6136512756347656,0.0824178128362431,0.01
UK324,19,-67.7338765454496,148.1441946142492,-1.9824562072753906,3.6136512756347656,0.08297306993943677,0.01
UK324,20,-67.67694168188483,148.25043973736703,-1.9824562072753906,3.6136512756347656,0.08346650542366484,0.01
UK324,21,-67.60858095396439,148.3291132627012,-2.4646339416503906,3.8512001037597656,0.08405896506564195,0.01
UK324,22,-67.53793340609307,148.4128798949517,-2.4646339416503906,3.8512001037597656,0.08467124381386003,0.01
UK324,23,-67.47395854076089,148.4644694769955,-2.4646339416503906,3.8512001037597656,0.08522569264673896,0.01
UK324,24,-67.40324156535148,148.5195533253593,-2.4646339416503906,3.8512001037597656,0.0858385731002872,0.01
UK324,25,-67.32659423106863,148.58312367983584,-2.9079933166503906,4.137821197509766,0.08650284999740525,0.01
UK324,26,-67.25438844151078,148.64277789996152,-2.9079933166503906,4.137821197509766,0.08712863350690654,0.01
UK324,27,-67.17847703507213,148.6914015606423,-2.9079933166503906,4.137821197509766,0.08778653236270818,0.01
UK324,28,-67.10323031942609,148.73513350847836,-3.3335304260253906,4.475467681884766,0.08843867056497391,0.01
UK324,29,-67.0333,148.7667,-3.3335304260253906,4.475467681884766,0.08904473333333336,0.01
